{
  "EARTH SCIENCE > OCEANS > OCEAN WINDS > SURFACE WINDS": {
    "ECCO": 1.14
  },
  "EARTH SCIENCE > OCEANS > SALINITY/DENSITY": {
    "ECCO": 1.15
  },
  "EARTH SCIENCE > OCEANS > OCEAN TEMPERATURE": {
    "ECCO": 1.14
  },
  "EARTH SCIENCE > ATMOSPHERE > ATMOSPHERIC WINDS": {
    "ECCO": 1.15
  },
  "EARTH SCIENCE > OCEANS > OCEAN CIRCULATION > OCEAN CURRENTS": {
    "ECCO": 1.15
  },
  "EARTH SCIENCE > OCEANS > OCEAN WINDS > WIND STRESS": {
    "ECCO": 1.15
  },
  "EARTH SCIENCE > CRYOSPHERE > GLACIERS/ICE SHEETS > ICE SHEETS": {
    "ISSM": 1.35
  },
  "EARTH SCIENCE > CRYOSPHERE > GLACIERS/ICE SHEETS": {
    "ISSM": 1.35
  },
  "EARTH SCIENCE > CRYOSPHERE > GLACIERS/ICE SHEETS > GLACIER MOTION/ICE SHEET MOTION": {
    "ISSM": 1.35
  },
  "EARTH SCIENCE > CRYOSPHERE > SNOW/ICE": {
    "ISSM": 1.35
  },
  "EARTH SCIENCE > OCEANS > OCEAN CIRCULATION > OCEAN MIXED LAYER": {
    "ECCO": 1.15
  },
  "EARTH SCIENCE > OCEANS > SALINITY/DENSITY > SALINITY": {
    "ECCO": 1.14
  },
  "EARTH SCIENCE > OCEANS > OCEAN TEMPERATURE > POTENTIAL TEMPERATURE": {
    "ECCO": 1.15
  },
  "EARTH SCIENCE > OCEANS > OCEAN CIRCULATION > FRESH WATER FLUX": {
    "ECCO": 1.15
  },
  "EARTH SCIENCE > OCEANS > OCEAN HEAT BUDGET > HEAT FLUX": {
    "ECCO": 1.15
  },
  "EARTH SCIENCE > OCEANS > OCEAN PRESSURE > WATER PRESSURE": {
    "ECCO": 1.15
  },
  "EARTH SCIENCE > OCEANS > OCEAN CIRCULATION > WATER MASSES": {
    "ECCO": 1.15
  },
  "EARTH SCIENCE > OCEANS > MARINE ENVIRONMENT MONITORING > MARINE OBSTRUCTIONS": {
    "ECCO": 1.15
  },
  "EARTH SCIENCE > OCEANS > OCEAN CHEMISTRY > NUTRIENTS": {
    "ECCO": 1.13
  },
  "EARTH SCIENCE > OCEANS > OCEAN CHEMISTRY > DISSOLVED GASES": {
    "ECCO": 1.12
  },
  "EARTH SCIENCE > OCEANS > OCEAN TEMPERATURE > WATER TEMPERATURE": {
    "ECCO": 1.15
  },
  "EARTH SCIENCE > CRYOSPHERE > SEA ICE": {
    "ECCO": 1.15
  },
  "EARTH SCIENCE > OCEANS > SEA ICE": {
    "ECCO": 1.15
  },
  "EARTH SCIENCE > OCEANS > SALINITY/DENSITY > CONDUCTIVITY": {
    "ECCO": 1.15
  },
  "EARTH SCIENCE > ATMOSPHERE > ATMOSPHERIC TEMPERATURE": {
    "ECCO": 1.15
  },
  "EARTH SCIENCE > TERRESTRIAL HYDROSPHERE > SNOW/ICE": {
    "ISSM": 1.35
  },
  "EARTH SCIENCE > ATMOSPHERE > ATMOSPHERIC PRESSURE": {
    "ECCO": 1.15
  },
  "EARTH SCIENCE > OCEANS > SEA SURFACE TOPOGRAPHY > SEA SURFACE HEIGHT": {
    "ECCO": 1.06,
    "ISSM": 1.12
  },
  "EARTH SCIENCE > OCEANS > BATHYMETRY/SEAFLOOR TOPOGRAPHY": {},
  "EARTH SCIENCE > OCEANS > OCEAN CHEMISTRY": {
    "ECCO": 1.12
  },
  "EARTH SCIENCE > OCEANS > OCEAN TEMPERATURE > SEA SURFACE TEMPERATURE": {
    "ECCO": 1.15
  },
  "EARTH SCIENCE > ATMOSPHERE > ATMOSPHERIC RADIATION > HEAT FLUX": {
    "ECCO": 1.08,
    "CMS-Flux": 1.35
  },
  "EARTH SCIENCE > ATMOSPHERE > ATMOSPHERIC TEMPERATURE > SURFACE TEMPERATURE": {},
  "EARTH SCIENCE > ATMOSPHERE > ATMOSPHERIC WINDS > SURFACE WINDS": {
    "ECCO": 1.15
  },
  "EARTH SCIENCE > ATMOSPHERE > ATMOSPHERIC RADIATION > SHORTWAVE RADIATION": {
    "ECCO": 1.15
  },
  "EARTH SCIENCE > ATMOSPHERE > ATMOSPHERIC PRESSURE > SURFACE PRESSURE": {},
  "EARTH SCIENCE > ATMOSPHERE > PRECIPITATION": {
    "ECCO": 1.15
  },
  "EARTH SCIENCE > CRYOSPHERE > SEA ICE > SEA ICE CONCENTRATION": {
    "ECCO": 1.15
  },
  "EARTH SCIENCE > SOLID EARTH > TECTONICS > EARTHQUAKES > SEISMIC PROFILE > SEISMIC SURFACE WAVES": {
    "ECCO": 1.15
  },
  "EARTH SCIENCE > SOLID EARTH > TECTONICS > EARTHQUAKES > SEISMIC PROFILE": {
    "ECCO": 1.15
  },
  "EARTH SCIENCE > SOLID EARTH > TECTONICS > EARTHQUAKES > SEISMIC PROFILE > SEISMIC BODY WAVES": {
    "ECCO": 1.15
  },
  "EARTH SCIENCE > SOLID EARTH > TECTONICS > PLATE TECTONICS": {
    "ECCO": 1.15
  },
  "EARTH SCIENCE > SOLID EARTH > TECTONICS > EARTHQUAKES > EARTHQUAKE OCCURRENCES": {},
  "EARTH SCIENCE > ATMOSPHERE > ATMOSPHERIC WINDS > WIND DYNAMICS > TURBULENCE": {
    "ECCO": 1.15
  },
  "EARTH SCIENCE > OCEANS > OCEAN CHEMISTRY > CHLOROPHYLL": {
    "ECCO": 1.15
  },
  "EARTH SCIENCE > OCEANS > OCEAN OPTICS": {
    "ECCO": 1.15
  },
  "EARTH SCIENCE > OCEANS > OCEAN CIRCULATION": {
    "ECCO": 1.15
  },
  "EARTH SCIENCE > OCEANS > OCEAN CHEMISTRY > CARBON DIOXIDE": {
    "ECCO": 1.08,
    "CMS-Flux": 1.35
  },
  "EARTH SCIENCE > OCEANS > SEA ICE > SEA ICE CONCENTRATION": {
    "ECCO": 1.15
  },
  "EARTH SCIENCE > ATMOSPHERE > WEATHER EVENTS > TROPICAL CYCLONES": {},
  "EARTH SCIENCE > ATMOSPHERE > ATMOSPHERIC WINDS > UPPER LEVEL WINDS": {
    "ECCO": 1.15
  },
  "EARTH SCIENCE > ATMOSPHERE > ATMOSPHERIC WATER VAPOR > WATER VAPOR INDICATORS > HUMIDITY": {
    "ECCO": 1.15
  },
  "EARTH SCIENCE > ATMOSPHERE > ATMOSPHERIC PRESSURE > SEA LEVEL PRESSURE": {
    "ECCO": 1.15
  },
  "EARTH SCIENCE > ATMOSPHERE > ALTITUDE > GEOPOTENTIAL HEIGHT": {
    "ECCO": 1.15
  },
  "EARTH SCIENCE > OCEANS > SALINITY/DENSITY > DENSITY": {
    "ECCO": 1.15
  },
  "EARTH SCIENCE > OCEANS > MARINE GEOPHYSICS > PLATE TECTONICS": {
    "ECCO": 1.15
  },
  "EARTH SCIENCE > ATMOSPHERE > ATMOSPHERIC TEMPERATURE > UPPER AIR TEMPERATURE": {
    "ECCO": 1.15
  },
  "EARTH SCIENCE > BIOLOGICAL CLASSIFICATION > ANIMALS/VERTEBRATES > FISH": {
    "ECCO": 1.15
  },
  "EARTH SCIENCE > BIOSPHERE > ECOSYSTEMS > MARINE ECOSYSTEMS": {
    "ECCO": 1.14
  },
  "EARTH SCIENCE > BIOLOGICAL CLASSIFICATION > ANIMALS/INVERTEBRATES": {
    "ECCO": 1.15
  },
  "EARTH SCIENCE > ATMOSPHERE > ATMOSPHERIC CHEMISTRY > CARBON AND HYDROCARBON COMPOUNDS > CARBON DIOXIDE": {
    "MOMO-CHEM": 1.35,
    "CMS-Flux": 1.35,
    "CARDAMOM": 1.35
  },
  "EARTH SCIENCE > OCEANS > OCEAN CHEMISTRY > BIOGEOCHEMICAL CYCLES": {
    "ECCO": 1.12
  },
  "EARTH SCIENCE > SOLID EARTH > TECTONICS > EARTHQUAKES > EARTHQUAKE MAGNITUDE/INTENSITY": {},
  "EARTH SCIENCE > ATMOSPHERE > ATMOSPHERIC CHEMISTRY > TRACE GASES/TRACE SPECIES": {
    "MOMO-CHEM": 1.35,
    "CMS-Flux": 1.35
  },
  "EARTH SCIENCE > ATMOSPHERE > ATMOSPHERIC CHEMISTRY": {
    "MOMO-CHEM": 1.35,
    "CMS-Flux": 1.35
  },
  "EARTH SCIENCE > ATMOSPHERE > ATMOSPHERIC CHEMISTRY > OXYGEN COMPOUNDS > ATMOSPHERIC OZONE": {
    "MOMO-CHEM": 1.35
  },
  "EARTH SCIENCE > ATMOSPHERE > ATMOSPHERIC CHEMISTRY > NITROGEN COMPOUNDS > NITROUS OXIDE": {
    "MOMO-CHEM": 1.35
  },
  "EARTH SCIENCE > ATMOSPHERE > ATMOSPHERIC CHEMISTRY > NITROGEN COMPOUNDS > NITROGEN DIOXIDE": {
    "MOMO-CHEM": 1.35
  },
  "EARTH SCIENCE > ATMOSPHERE > ATMOSPHERIC CHEMISTRY > OXYGEN COMPOUNDS": {
    "MOMO-CHEM": 1.35
  },
  "EARTH SCIENCE > ATMOSPHERE > ATMOSPHERIC CHEMISTRY > CARBON AND HYDROCARBON COMPOUNDS": {
    "CMS-Flux": 1.35
  },
  "EARTH SCIENCE > ATMOSPHERE > ATMOSPHERIC CHEMISTRY > OXYGEN COMPOUNDS > OZONE": {
    "MOMO-CHEM": 1.35
  },
  "EARTH SCIENCE > ATMOSPHERE > ATMOSPHERIC CHEMISTRY > CARBON AND HYDROCARBON COMPOUNDS > METHANE": {
    "MOMO-CHEM": 1.35,
    "CMS-Flux": 1.35,
    "CARDAMOM": 1.35
  },
  "EARTH SCIENCE > ATMOSPHERE > AIR QUALITY": {
    "MOMO-CHEM": 1.35
  },
  "EARTH SCIENCE > BIOSPHERE > ECOSYSTEMS > MARINE ECOSYSTEMS > COASTAL": {},
  "EARTH SCIENCE > BIOSPHERE > ECOSYSTEMS > AQUATIC ECOSYSTEMS > WETLANDS": {},
  "EARTH SCIENCE > ATMOSPHERE > ATMOSPHERIC RADIATION > LONGWAVE RADIATION": {
    "ECCO": 1.15
  },
  "EARTH SCIENCE > ATMOSPHERE > ATMOSPHERIC RADIATION": {},
  "EARTH SCIENCE > ATMOSPHERE > ATMOSPHERIC RADIATION > RADIATIVE FLUX": {},
  "EARTH SCIENCE > ATMOSPHERE > ATMOSPHERIC RADIATION > OUTGOING LONGWAVE RADIATION": {},
  "EARTH SCIENCE > OCEANS > OCEAN CHEMISTRY > TRACE ELEMENTS": {
    "ECCO": 1.15
  },
  "EARTH SCIENCE > CLIMATE INDICATORS > ATMOSPHERIC/OCEAN INDICATORS > TELECONNECTIONS > EL NINO SOUTHERN OSCILLATION (ENSO)": {
    "ECCO": 1.15
  },
  "EARTH SCIENCE > OCEANS > OCEAN CHEMISTRY > INORGANIC CARBON": {},
  "EARTH SCIENCE > OCEANS > OCEAN CHEMISTRY > CARBON": {
    "ECCO": 1.1
  },
  "EARTH SCIENCE > OCEANS > OCEAN CHEMISTRY > HYDROCARBONS": {
    "ECCO": 1.15
  },
  "EARTH SCIENCE > BIOSPHERE > ECOLOGICAL DYNAMICS > ECOSYSTEM FUNCTIONS > PRIMARY PRODUCTION": {
    "CMS-Flux": 1.35,
    "CARDAMOM": 1.35
  },
  "EARTH SCIENCE > ATMOSPHERE > AIR QUALITY > EMISSIONS": {
    "MOMO-CHEM": 1.35,
    "CMS-Flux": 1.35
  },
  "EARTH SCIENCE > OCEANS > COASTAL PROCESSES > SEA LEVEL RISE": {
    "ISSM": 1.35
  },
  "EARTH SCIENCE > OCEANS > OCEAN CIRCULATION > FRONTS": {
    "ECCO": 1.15
  },
  "EARTH SCIENCE > BIOSPHERE > ECOSYSTEMS > AQUATIC ECOSYSTEMS > PLANKTON > PHYTOPLANKTON": {
    "ECCO": 1.15
  },
  "EARTH SCIENCE > BIOSPHERE > ECOSYSTEMS > AQUATIC ECOSYSTEMS > PLANKTON": {
    "ECCO": 1.15
  },
  "EARTH SCIENCE > BIOSPHERE > ECOSYSTEMS > AQUATIC ECOSYSTEMS > PLANKTON > ZOOPLANKTON": {
    "ECCO": 1.15
  },
  "EARTH SCIENCE > BIOSPHERE > ECOSYSTEMS > MARINE ECOSYSTEMS > PELAGIC": {
    "ECCO": 1.15
  },
  "EARTH SCIENCE > BIOLOGICAL CLASSIFICATION > PROTISTS": {
    "ECCO": 1.15
  },
  "EARTH SCIENCE > OCEANS > OCEAN CHEMISTRY > PIGMENTS > CHLOROPHYLL": {
    "ECCO": 1.15
  },
  "EARTH SCIENCE > BIOLOGICAL CLASSIFICATION > ANIMALS/INVERTEBRATES > ARTHROPODS > CRUSTACEANS > EUPHAUSIIDS (KRILL)": {
    "ECCO": 1.15
  },
  "EARTH SCIENCE > OCEANS > OCEAN PRESSURE": {
    "ECCO": 1.15
  },
  "EARTH SCIENCE > OCEANS > COASTAL PROCESSES > SEA SURFACE HEIGHT": {
    "ISSM": 1.35
  },
  "EARTH SCIENCE > OCEANS > OCEAN WAVES > SIGNIFICANT WAVE HEIGHT": {
    "ECCO": 1.07
  },
  "EARTH SCIENCE > OCEANS > OCEAN PRESSURE > SEA LEVEL PRESSURE": {
    "ECCO": 1.15
  },
  "EARTH SCIENCE > ATMOSPHERE > ATMOSPHERIC CHEMISTRY > CARBON AND HYDROCARBON COMPOUNDS > ATMOSPHERIC CARBON DIOXIDE": {
    "CMS-Flux": 1.35,
    "CARDAMOM": 1.35
  },
  "EARTH SCIENCE > HUMAN DIMENSIONS > ENVIRONMENTAL IMPACTS > INDUSTRIAL EMISSIONS": {
    "CMS-Flux": 1.35
  },
  "EARTH SCIENCE > OCEANS > TIDES > TIDAL CURRENTS": {
    "ECCO": 1.09
  },
  "EARTH SCIENCE > OCEANS > COASTAL PROCESSES > TIDAL HEIGHT": {
    "ISSM": 1.35
  },
  "EARTH SCIENCE > OCEANS > OCEAN CIRCULATION > WIND-DRIVEN CIRCULATION": {
    "ECCO": 1.15
  },
  "EARTH SCIENCE > LAND SURFACE > SOILS > SOIL MOISTURE/WATER CONTENT": {
    "CMS-Flux": 1.35
  },
  "EARTH SCIENCE > BIOLOGICAL CLASSIFICATION > BACTERIA/ARCHAEA": {
    "ECCO": 1.15
  },
  "EARTH SCIENCE > SOLID EARTH > GRAVITY/GRAVITATIONAL FIELD > GRAVITY": {
    "ECCO": 1.15
  },
  "EARTH SCIENCE > SOLID EARTH > GRAVITY/GRAVITATIONAL FIELD > GRAVITATIONAL FIELD": {
    "ECCO": 1.15
  },
  "EARTH SCIENCE > SOLID EARTH > GRAVITY/GRAVITATIONAL FIELD > GRAVITY ANOMALIES": {
    "ECCO": 1.15
  },
  "EARTH SCIENCE > OCEANS > TIDES > TIDAL COMPONENTS": {},
  "EARTH SCIENCE > CRYOSPHERE > GLACIERS/ICE SHEETS > GLACIER MASS BALANCE/ICE SHEET MASS BALANCE": {
    "ISSM": 1.35
  },
  "EARTH SCIENCE > OCEANS > OCEAN CHEMISTRY > PIGMENTS": {
    "ECCO": 1.15
  },
  "EARTH SCIENCE > OCEANS > OCEAN CHEMISTRY > NITROGEN": {
    "ECCO": 1.15
  },
  "EARTH SCIENCE > OCEANS > OCEAN WINDS": {
    "ECCO": 1.15
  },
  "EARTH SCIENCE > ATMOSPHERE > AEROSOLS": {},
  "EARTH SCIENCE > ATMOSPHERE > CLOUDS": {
    "ECCO": 1.15
  },
  "EARTH SCIENCE > ATMOSPHERE > ATMOSPHERIC RADIATION > NET RADIATION": {
    "ECCO": 1.15
  },
  "EARTH SCIENCE > CRYOSPHERE > GLACIERS/ICE SHEETS > GLACIERS": {
    "ISSM": 1.35
  },
  "EARTH SCIENCE > OCEANS > OCEAN CHEMISTRY > ALKALINITY": {},
  "EARTH SCIENCE > OCEANS > MARINE SEDIMENTS": {
    "ECCO": 1.15
  },
  "EARTH SCIENCE > BIOLOGICAL CLASSIFICATION > PLANTS > MICROALGAE": {
    "ECCO": 1.15
  },
  "EARTH SCIENCE > BIOSPHERE > ECOLOGICAL DYNAMICS > COMMUNITY DYNAMICS > COMMUNITY STRUCTURE": {
    "ECCO": 1.15
  },
  "EARTH SCIENCE > BIOLOGICAL CLASSIFICATION > PLANTS": {
    "ECCO": 1.15
  },
  "EARTH SCIENCE > CRYOSPHERE > SNOW/ICE > ICE DEPTH/THICKNESS": {
    "ISSM": 1.35
  },
  "EARTH SCIENCE > CRYOSPHERE > SEA ICE > ICE DEPTH/THICKNESS": {
    "ECCO": 1.15
  },
  "EARTH SCIENCE > HUMAN DIMENSIONS > ENVIRONMENTAL IMPACTS > CONTAMINANT LEVELS/SPILLS": {
    "ECCO": 1.15
  },
  "EARTH SCIENCE > OCEANS > OCEAN OPTICS > FLUORESCENCE": {
    "ECCO": 1.15
  },
  "EARTH SCIENCE > OCEANS > OCEAN CHEMISTRY > OXYGEN": {
    "ECCO": 1.1
  },
  "EARTH SCIENCE > ATMOSPHERE > ATMOSPHERIC WATER VAPOR": {
    "ECCO": 1.15
  },
  "EARTH SCIENCE > ATMOSPHERE > PRECIPITATION > LIQUID PRECIPITATION > RAIN": {
    "ECCO": 1.15
  },
  "EARTH SCIENCE > TERRESTRIAL HYDROSPHERE > SURFACE WATER > SURFACE WATER FEATURES > RIVERS/STREAMS": {
    "RAPID": 1.35
  },
  "EARTH SCIENCE > TERRESTRIAL HYDROSPHERE > SURFACE WATER > SURFACE WATER PROCESSES/MEASUREMENTS > DISCHARGE/FLOW": {
    "RAPID": 1.35
  },
  "EARTH SCIENCE > OCEANS > SEA SURFACE TOPOGRAPHY": {
    "ECCO": 1.15
  },
  "EARTH SCIENCE > OCEANS > BATHYMETRY/SEAFLOOR TOPOGRAPHY > BATHYMETRY": {
    "ISSM": 1.35
  },
  "EARTH SCIENCE > OCEANS > MARINE SEDIMENTS > SEDIMENTATION": {
    "ECCO": 1.15
  },
  "EARTH SCIENCE > TERRESTRIAL HYDROSPHERE > SURFACE WATER > SURFACE WATER FEATURES > LAKES/RESERVOIRS": {
    "RAPID": 1.35
  },
  "EARTH SCIENCE > PALEOCLIMATE > OCEAN/LAKE RECORDS > SEDIMENTS": {
    "ECCO": 1.15
  },
  "EARTH SCIENCE > PALEOCLIMATE > OCEAN/LAKE RECORDS > MICROFOSSILS": {
    "ECCO": 1.15
  },
  "EARTH SCIENCE > HUMAN DIMENSIONS > INFRASTRUCTURE": {
    "ECCO": 1.15
  },
  "EARTH SCIENCE > TERRESTRIAL HYDROSPHERE > SURFACE WATER": {
    "RAPID": 1.35
  },
  "EARTH SCIENCE > BIOLOGICAL CLASSIFICATION > ANIMALS/INVERTEBRATES > ARTHROPODS > CRUSTACEANS": {
    "ECCO": 1.15
  },
  "EARTH SCIENCE > BIOSPHERE > ECOLOGICAL DYNAMICS > ECOSYSTEM FUNCTIONS > BIOMASS DYNAMICS": {},
  "EARTH SCIENCE > OCEANS > OCEAN OPTICS > PHOTOSYNTHETICALLY ACTIVE RADIATION": {
    "ECCO": 1.15
  },
  "EARTH SCIENCE > OCEANS > OCEAN CHEMISTRY > NITRATE": {
    "ECCO": 1.15
  },
  "EARTH SCIENCE > OCEANS > OCEAN CHEMISTRY > PHOSPHATE": {
    "ECCO": 1.15
  },
  "EARTH SCIENCE > OCEANS > OCEAN CHEMISTRY > SILICATE": {
    "ECCO": 1.15
  },
  "EARTH SCIENCE > OCEANS > OCEAN CHEMISTRY > NITRITE": {
    "ECCO": 1.15
  },
  "EARTH SCIENCE > ATMOSPHERE > ATMOSPHERIC TEMPERATURE > SURFACE TEMPERATURE > AIR TEMPERATURE": {},
  "EARTH SCIENCE > SOLID EARTH > GEODETICS > COORDINATE REFERENCE SYSTEM > GLOBAL COORDINATE REFERENCE SYSTEM": {
    "ECCO": 1.15
  },
  "EARTH SCIENCE > SOLID EARTH > GEODETICS > GEOID CHARACTERISTICS": {
    "ECCO": 1.15
  },
  "EARTH SCIENCE > SOLID EARTH > GRAVITY/GRAVITATIONAL FIELD > CONTROL SURVEYS": {
    "ECCO": 1.15
  },
  "EARTH SCIENCE > BIOSPHERE > ECOSYSTEMS > AQUATIC ECOSYSTEMS": {
    "ECCO": 1.15
  },
  "EARTH SCIENCE > OCEANS > OCEAN WAVES": {
    "ECCO": 1.15
  },
  "EARTH SCIENCE > BIOSPHERE > ECOLOGICAL DYNAMICS > ECOSYSTEM FUNCTIONS > PHOTOSYNTHESIS": {
    "CMS-Flux": 1.35,
    "CARDAMOM": 1.35
  },
  "EARTH SCIENCE > SOLID EARTH > GRAVITY/GRAVITATIONAL FIELD": {
    "ECCO": 1.15
  },
  "EARTH SCIENCE > OCEANS > TIDES > TIDAL HEIGHT": {
    "ISSM": 1.35
  },
  "EARTH SCIENCE > OCEANS > TIDES > TIDAL RANGE": {},
  "EARTH SCIENCE > ATMOSPHERE > PRECIPITATION > PRECIPITATION AMOUNT": {},
  "EARTH SCIENCE > OCEANS > OCEAN CHEMISTRY > AMMONIA": {
    "ECCO": 1.15
  },
  "EARTH SCIENCE > ATMOSPHERE > ATMOSPHERIC WINDS > WIND DYNAMICS > WIND STRESS": {
    "ECCO": 1.15
  },
  "EARTH SCIENCE > PALEOCLIMATE > ICE CORE RECORDS": {
    "ECCO": 1.15
  },
  "EARTH SCIENCE > CLIMATE INDICATORS > PALEOCLIMATE INDICATORS > ICE CORE RECORDS": {
    "ECCO": 1.15
  },
  "EARTH SCIENCE > PALEOCLIMATE > PALEOCLIMATE RECONSTRUCTIONS": {
    "ECCO": 1.15
  },
  "EARTH SCIENCE > CRYOSPHERE > SEA ICE > ICE EXTENT": {
    "ECCO": 1.15
  },
  "EARTH SCIENCE > LAND SURFACE > SOILS > SOIL TEMPERATURE": {},
  "EARTH SCIENCE > ATMOSPHERE > ATMOSPHERIC WATER VAPOR > WATER VAPOR PROCESSES > EVAPOTRANSPIRATION": {
    "CMS-Flux": 1.35
  },
  "EARTH SCIENCE > CRYOSPHERE > SEA ICE > ICE TYPES": {
    "ECCO": 1.15
  },
  "EARTH SCIENCE > OCEANS > OCEAN WAVES > WAVE HEIGHT": {
    "ECCO": 1.15
  },
  "EARTH SCIENCE > BIOSPHERE > ECOLOGICAL DYNAMICS > ECOSYSTEM FUNCTIONS > BIOGEOCHEMICAL CYCLES": {
    "CMS-Flux": 1.35,
    "CARDAMOM": 1.35
  },
  "EARTH SCIENCE > OCEANS > COASTAL PROCESSES > COASTAL ELEVATION": {},
  "EARTH SCIENCE > OCEANS > SEA ICE > ICE EXTENT": {
    "ECCO": 1.15
  },
  "EARTH SCIENCE > SOLID EARTH > GEOMAGNETISM > MAGNETIC FIELD": {
    "ECCO": 1.15
  },
  "EARTH SCIENCE > OCEANS > SEA ICE > ICE DEPTH/THICKNESS": {
    "ECCO": 1.15
  },
  "EARTH SCIENCE > BIOSPHERE > VEGETATION > BIOMASS": {},
  "EARTH SCIENCE > BIOSPHERE > ECOSYSTEMS > TERRESTRIAL ECOSYSTEMS > FORESTS": {
    "CMS-Flux": 1.35,
    "CARDAMOM": 1.35
  },
  "EARTH SCIENCE > CRYOSPHERE > GLACIERS/ICE SHEETS > GLACIER ELEVATION/ICE SHEET ELEVATION": {
    "ISSM": 1.35
  },
  "EARTH SCIENCE > ATMOSPHERE > AIR QUALITY > TROPOSPHERIC OZONE": {
    "MOMO-CHEM": 1.35
  },
  "EARTH SCIENCE > ATMOSPHERE > AEROSOLS > PARTICULATE MATTER": {
    "MOMO-CHEM": 1.35
  },
  "EARTH SCIENCE > ATMOSPHERE > ATMOSPHERIC CHEMISTRY > NITROGEN COMPOUNDS > NITROGEN OXIDES": {
    "MOMO-CHEM": 1.35
  },
  "EARTH SCIENCE > ATMOSPHERE > AIR QUALITY > NITROGEN OXIDES": {
    "MOMO-CHEM": 1.35
  },
  "EARTH SCIENCE > ATMOSPHERE > ATMOSPHERIC CHEMISTRY > CARBON AND HYDROCARBON COMPOUNDS > NON-METHANE HYDROCARBONS/VOLATILE ORGANIC COMPOUNDS": {
    "MOMO-CHEM": 1.35
  },
  "EARTH SCIENCE > ATMOSPHERE > ATMOSPHERIC CHEMISTRY > SULFUR COMPOUNDS > SULFUR DIOXIDE": {
    "MOMO-CHEM": 1.35
  },
  "EARTH SCIENCE > ATMOSPHERE > AIR QUALITY > CARBON MONOXIDE": {
    "MOMO-CHEM": 1.35
  },
  "EARTH SCIENCE > ATMOSPHERE > ATMOSPHERIC CHEMISTRY > CARBON AND HYDROCARBON COMPOUNDS > CARBON MONOXIDE": {
    "MOMO-CHEM": 1.35
  },
  "EARTH SCIENCE > BIOSPHERE > VEGETATION > CARBON": {
    "CARDAMOM": 1.35
  },
  "EARTH SCIENCE > BIOSPHERE > ECOLOGICAL DYNAMICS > ECOSYSTEM FUNCTIONS > RESPIRATION RATE": {
    "CMS-Flux": 1.35,
    "CARDAMOM": 1.35
  }
}