{
  "EARTH SCIENCE > OCEANS > OCEAN CHEMISTRY > INORGANIC CARBON": {
    "ECCO": 1.09
  },
  "EARTH SCIENCE > OCEANS > OCEAN CHEMISTRY > ALKALINITY": {
    "CMS-Flux": 1.05,
    "ECCO": 1.09
  },
  "EARTH SCIENCE > OCEANS > OCEAN CHEMISTRY > CARBON DIOXIDE": {
    "CMS-Flux": 1.35,
    "CARDAMOM": 1.14
  },
  "EARTH SCIENCE > OCEANS > OCEAN CHEMISTRY > DISSOLVED GASES": {
    "ECCO": 1.09
  },
  "EARTH SCIENCE > OCEANS > OCEAN CHEMISTRY": {
    "ECCO": 1.08
  },
  "EARTH SCIENCE > OCEANS > OCEAN CHEMISTRY > NUTRIENTS": {
    "ECCO": 1.1
  },
  "EARTH SCIENCE > OCEANS > OCEAN CHEMISTRY > CARBON": {
    "CMS-Flux": 1.09,
    "ECCO": 1.08
  },
  "EARTH SCIENCE > OCEANS > SALINITY/DENSITY > SALINITY": {
    "ECCO": 1.1
  },
  "EARTH SCIENCE > OCEANS > OCEAN CHEMISTRY > OXYGEN": {
    "ECCO": 1.1
  },
  "EARTH SCIENCE > OCEANS > OCEAN CHEMISTRY > BIOGEOCHEMICAL CYCLES": {
    "ECCO": 1.09
  },
  "EARTH SCIENCE > OCEANS > OCEAN CIRCULATION > OCEAN CURRENTS": {
    "ECCO": 1.1
  },
  "EARTH SCIENCE > OCEANS > SALINITY/DENSITY": {
    "ECCO": 1.08
  },
  "EARTH SCIENCE > OCEANS > OCEAN TEMPERATURE": {
    "ECCO": 1.08
  },
  "EARTH SCIENCE > OCEANS > OCEAN CIRCULATION > WATER MASSES": {
    "ECCO": 1.1
  },
  "EARTH SCIENCE > OCEANS > OCEAN WINDS > SURFACE WINDS": {
    "ECCO": 1.1
  },
  "EARTH SCIENCE > OCEANS > OCEAN CIRCULATION > FRESH WATER FLUX": {
    "ECCO": 1.1
  },
  "EARTH SCIENCE > OCEANS > OCEAN HEAT BUDGET > HEAT FLUX": {
    "ECCO": 1.1
  },
  "EARTH SCIENCE > OCEANS > OCEAN CIRCULATION > OCEAN MIXED LAYER": {
    "ECCO": 1.1
  },
  "EARTH SCIENCE > OCEANS > OCEAN TEMPERATURE > POTENTIAL TEMPERATURE": {
    "ECCO": 1.11
  },
  "EARTH SCIENCE > OCEANS > OCEAN PRESSURE": {
    "ECCO": 1.1
  },
  "EARTH SCIENCE > OCEANS > OCEAN PRESSURE > WATER PRESSURE": {
    "ECCO": 1.1
  },
  "EARTH SCIENCE > OCEANS > OCEAN WINDS > WIND STRESS": {
    "ECCO": 1.1
  },
  "EARTH SCIENCE > OCEANS > SEA SURFACE TOPOGRAPHY > SEA SURFACE HEIGHT": {
    "ECCO": 1.07
  },
  "EARTH SCIENCE > OCEANS > TIDES > TIDAL CURRENTS": {
    "ECCO": 1.07
  },
  "EARTH SCIENCE > OCEANS > COASTAL PROCESSES > SEA SURFACE HEIGHT": {
    "ECCO": 1.05
  },
  "EARTH SCIENCE > OCEANS > OCEAN CIRCULATION > WIND-DRIVEN CIRCULATION": {
    "ECCO": 1.1
  },
  "EARTH SCIENCE > OCEANS > COASTAL PROCESSES > TIDAL HEIGHT": {
    "ECCO": 1.05,
    "ISSM": 1.05
  },
  "EARTH SCIENCE > OCEANS > OCEAN TEMPERATURE > SEA SURFACE TEMPERATURE": {
    "ECCO": 1.1
  },
  "EARTH SCIENCE > OCEANS > OCEAN TEMPERATURE > TEMPERATURE PROFILES": {
    "ECCO": 1.11
  },
  "EARTH SCIENCE > OCEANS > OCEAN CIRCULATION": {
    "ECCO": 1.09
  },
  "EARTH SCIENCE > ATMOSPHERE > ATMOSPHERIC WINDS > SURFACE WINDS": {
    "ECCO": 1.07
  },
  "EARTH SCIENCE > OCEANS > OCEAN WINDS": {
    "ECCO": 1.11
  },
  "EARTH SCIENCE > ATMOSPHERE > ATMOSPHERIC WINDS > WIND DYNAMICS > TURBULENCE": {
    "ECCO": 1.11
  },
  "EARTH SCIENCE > OCEANS > BATHYMETRY/SEAFLOOR TOPOGRAPHY": {
    "ECCO": 1.06
  },
  "EARTH SCIENCE > OCEANS > OCEAN CIRCULATION > FRONTS": {
    "ECCO": 1.1
  },
  "EARTH SCIENCE > OCEANS > OCEAN ACOUSTICS > AMBIENT NOISE": {
    "ECCO": 1.11
  },
  "EARTH SCIENCE > OCEANS > SALINITY/DENSITY > DENSITY": {
    "ECCO": 1.11
  },
  "EARTH SCIENCE > OCEANS > OCEAN TEMPERATURE > WATER TEMPERATURE": {
    "ECCO": 1.1
  },
  "EARTH SCIENCE > OCEANS > OCEAN ACOUSTICS > ACOUSTIC SCATTERING": {
    "ECCO": 1.11
  },
  "EARTH SCIENCE > OCEANS > MARINE GEOPHYSICS > PLATE TECTONICS": {
    "ECCO": 1.09
  },
  "EARTH SCIENCE > BIOSPHERE > ECOSYSTEMS > MARINE ECOSYSTEMS": {
    "ECCO": 1.05,
    "RAPID": 1.15
  },
  "EARTH SCIENCE > CRYOSPHERE > SEA ICE": {
    "ECCO": 1.06
  },
  "EARTH SCIENCE > OCEANS > COASTAL PROCESSES > FJORDS": {
    "ISSM": 1.14
  },
  "EARTH SCIENCE > TERRESTRIAL HYDROSPHERE > SURFACE WATER": {
    "RAPID": 1.35,
    "ISSM": 1.24
  },
  "EARTH SCIENCE > TERRESTRIAL HYDROSPHERE > SURFACE WATER > SURFACE WATER CHEMISTRY": {
    "RAPID": 1.35,
    "ISSM": 1.16,
    "CARDAMOM": 1.35
  },
  "EARTH SCIENCE > BIOSPHERE > ECOSYSTEMS > AQUATIC ECOSYSTEMS": {
    "RAPID": 1.35
  },
  "EARTH SCIENCE > OCEANS > OCEAN OPTICS": {
    "ECCO": 1.09
  },
  "EARTH SCIENCE > TERRESTRIAL HYDROSPHERE > SURFACE WATER > SURFACE WATER FEATURES > RIVERS/STREAMS": {
    "RAPID": 1.35,
    "ISSM": 1.26
  },
  "EARTH SCIENCE > TERRESTRIAL HYDROSPHERE > SURFACE WATER > SURFACE WATER PROCESSES/MEASUREMENTS > WATER DEPTH": {
    "RAPID": 1.35,
    "ISSM": 1.16,
    "CMS-Flux": 1.15
  },
  "EARTH SCIENCE > ATMOSPHERE > ATMOSPHERIC TEMPERATURE > SURFACE TEMPERATURE > AIR TEMPERATURE": {
    "ECCO": 1.05,
    "RAPID": 1.07
  },
  "EARTH SCIENCE > OCEANS > OCEAN WAVES > SIGNIFICANT WAVE HEIGHT": {
    "ECCO": 1.05
  },
  "EARTH SCIENCE > OCEANS > COASTAL PROCESSES > SEA LEVEL RISE": {
    "ECCO": 1.05,
    "ISSM": 1.09
  },
  "EARTH SCIENCE > OCEANS > SEA ICE": {
    "ECCO": 1.09
  },
  "EARTH SCIENCE > OCEANS > SEA ICE > SEA ICE CONCENTRATION": {
    "ECCO": 1.11
  },
  "EARTH SCIENCE > CRYOSPHERE > SEA ICE > ICE DEPTH/THICKNESS": {
    "ECCO": 1.08
  },
  "EARTH SCIENCE > OCEANS > SEA ICE > ICE DEPTH/THICKNESS": {
    "ECCO": 1.1
  },
  "EARTH SCIENCE > CLIMATE INDICATORS > ATMOSPHERIC/OCEAN INDICATORS > TELECONNECTIONS > EL NINO SOUTHERN OSCILLATION (ENSO)": {
    "ECCO": 1.11
  },
  "EARTH SCIENCE > ATMOSPHERE > PRECIPITATION > PRECIPITATION RATE": {
    "RAPID": 1.35,
    "ISSM": 1.07
  },
  "EARTH SCIENCE > TERRESTRIAL HYDROSPHERE > SURFACE WATER > SURFACE WATER PROCESSES/MEASUREMENTS > DISCHARGE/FLOW": {
    "RAPID": 1.35,
    "ISSM": 1.26
  },
  "EARTH SCIENCE > ATMOSPHERE > PRECIPITATION > LIQUID PRECIPITATION > RAIN": {
    "RAPID": 1.35,
    "ISSM": 1.24
  },
  "EARTH SCIENCE > TERRESTRIAL HYDROSPHERE > SURFACE WATER > SURFACE WATER PROCESSES/MEASUREMENTS > STAGE HEIGHT": {
    "RAPID": 1.35,
    "ISSM": 1.28
  },
  "EARTH SCIENCE > TERRESTRIAL HYDROSPHERE > SURFACE WATER > SURFACE WATER PROCESSES/MEASUREMENTS > RUNOFF": {
    "RAPID": 1.35,
    "ISSM": 1.25
  },
  "EARTH SCIENCE > ATMOSPHERE > PRECIPITATION": {
    "ECCO": 1.05,
    "CARDAMOM": 1.19,
    "RAPID": 1.24
  },
  "EARTH SCIENCE > TERRESTRIAL HYDROSPHERE > GROUND WATER": {
    "RAPID": 1.35,
    "ISSM": 1.25
  },
  "EARTH SCIENCE > CRYOSPHERE > GLACIERS/ICE SHEETS": {
    "ISSM": 1.35
  },
  "EARTH SCIENCE > CRYOSPHERE > GLACIERS/ICE SHEETS > ICE SHEETS": {
    "ISSM": 1.35
  },
  "EARTH SCIENCE > CRYOSPHERE > SNOW/ICE": {
    "ISSM": 1.35
  },
  "EARTH SCIENCE > OCEANS > MARINE SEDIMENTS > SEDIMENTATION": {
    "ECCO": 1.05
  },
  "EARTH SCIENCE > OCEANS > SALINITY/DENSITY > CONDUCTIVITY": {
    "ECCO": 1.1
  },
  "EARTH SCIENCE > OCEANS > OCEAN CIRCULATION > TURBULENCE": {
    "ECCO": 1.11
  },
  "EARTH SCIENCE > OCEANS > OCEAN TEMPERATURE > OCEAN MIXED LAYER": {
    "ECCO": 1.11
  },
  "EARTH SCIENCE > SOLID EARTH > GEOMAGNETISM > MAGNETIC FIELD": {
    "ECCO": 1.1
  },
  "EARTH SCIENCE > SOLID EARTH > GEOMAGNETISM": {
    "ECCO": 1.08
  },
  "EARTH SCIENCE > SUN-EARTH INTERACTIONS > IONOSPHERE/MAGNETOSPHERE DYNAMICS": {
    "ECCO": 1.11
  },
  "EARTH SCIENCE > SUN-EARTH INTERACTIONS > IONOSPHERE/MAGNETOSPHERE DYNAMICS > MAGNETIC FIELDS/MAGNETIC CURRENTS": {
    "ECCO": 1.11
  },
  "EARTH SCIENCE > SOLID EARTH > GEOMAGNETISM > MAGNETIC FIELD > MAGNETIC INTENSITY": {
    "ECCO": 1.11
  },
  "EARTH SCIENCE > OCEANS > MARINE GEOPHYSICS > MARINE MAGNETICS": {
    "ECCO": 1.11
  },
  "EARTH SCIENCE > OCEANS > MARINE SEDIMENTS": {
    "ECCO": 1.07
  },
  "EARTH SCIENCE > OCEANS > COASTAL PROCESSES > SEDIMENTATION": {
    "ECCO": 1.05
  },
  "EARTH SCIENCE > LAND SURFACE > EROSION/SEDIMENTATION > SEDIMENTS": {
    "ISSM": 1.16
  },
  "EARTH SCIENCE > OCEANS > COASTAL PROCESSES > SEDIMENT TRANSPORT": {
    "ISSM": 1.2
  },
  "EARTH SCIENCE > OCEANS > MARINE SEDIMENTS > SEDIMENT COMPOSITION": {
    "ECCO": 1.05
  },
  "EARTH SCIENCE > OCEANS > MARINE SEDIMENTS > SEDIMENT CHEMISTRY": {
    "ECCO": 1.07
  },
  "EARTH SCIENCE > OCEANS > OCEAN PRESSURE > SEA LEVEL PRESSURE": {
    "ECCO": 1.11
  },
  "EARTH SCIENCE > ATMOSPHERE > ATMOSPHERIC CHEMISTRY > CARBON AND HYDROCARBON COMPOUNDS > CARBON DIOXIDE": {
    "CMS-Flux": 1.35,
    "CARDAMOM": 1.35,
    "MOMO-CHEM": 1.06
  },
  "EARTH SCIENCE > ATMOSPHERE > ATMOSPHERIC CHEMISTRY > CARBON AND HYDROCARBON COMPOUNDS": {
    "CMS-Flux": 1.35,
    "CARDAMOM": 1.35,
    "MOMO-CHEM": 1.35
  },
  "EARTH SCIENCE > ATMOSPHERE > AIR QUALITY > EMISSIONS": {
    "CMS-Flux": 1.35,
    "CARDAMOM": 1.35,
    "MOMO-CHEM": 1.35
  },
  "EARTH SCIENCE > ATMOSPHERE > ATMOSPHERIC CHEMISTRY > CARBON AND HYDROCARBON COMPOUNDS > ATMOSPHERIC CARBON DIOXIDE": {
    "CMS-Flux": 1.35,
    "CARDAMOM": 1.35,
    "MOMO-CHEM": 1.19
  },
  "EARTH SCIENCE > ATMOSPHERE > ATMOSPHERIC CHEMISTRY > TRACE GASES/TRACE SPECIES": {
    "CMS-Flux": 1.35,
    "CARDAMOM": 1.35,
    "MOMO-CHEM": 1.35
  },
  "EARTH SCIENCE > ATMOSPHERE > ATMOSPHERIC CHEMISTRY": {
    "CMS-Flux": 1.35,
    "CARDAMOM": 1.07,
    "MOMO-CHEM": 1.35
  },
  "EARTH SCIENCE > OCEANS > OCEAN CIRCULATION > UPWELLING/DOWNWELLING": {
    "ECCO": 1.11
  },
  "EARTH SCIENCE > ATMOSPHERE > ATMOSPHERIC PRESSURE > SEA LEVEL PRESSURE": {
    "ECCO": 1.11
  },
  "EARTH SCIENCE > OCEANS > OCEAN CHEMISTRY > NITROGEN": {
    "ECCO": 1.11
  },
  "EARTH SCIENCE > BIOSPHERE > ECOSYSTEMS > AQUATIC ECOSYSTEMS > PLANKTON > PHYTOPLANKTON": {
    "ECCO": 1.1
  },
  "EARTH SCIENCE > CRYOSPHERE > GLACIERS/ICE SHEETS > GLACIER MOTION/ICE SHEET MOTION": {
    "ISSM": 1.35
  },
  "EARTH SCIENCE > CRYOSPHERE > SNOW/ICE > ICE DEPTH/THICKNESS": {
    "ISSM": 1.35
  },
  "EARTH SCIENCE > ATMOSPHERE > PRECIPITATION > PRECIPITATION AMOUNT": {
    "RAPID": 1.35,
    "ISSM": 1.17,
    "CARDAMOM": 1.1
  },
  "EARTH SCIENCE > ATMOSPHERE > PRECIPITATION > SOLID PRECIPITATION > SNOW": {
    "RAPID": 1.35,
    "ISSM": 1.22
  },
  "EARTH SCIENCE > ATMOSPHERE > PRECIPITATION > PRECIPITATION ANOMALIES": {
    "RAPID": 1.35,
    "ISSM": 1.11
  },
  "EARTH SCIENCE > CRYOSPHERE > SEA ICE > ICE TYPES": {
    "ECCO": 1.09
  },
  "EARTH SCIENCE > ATMOSPHERE > ATMOSPHERIC TEMPERATURE > SURFACE TEMPERATURE": {
    "CMS-Flux": 1.35,
    "CARDAMOM": 1.31
  },
  "EARTH SCIENCE > BIOSPHERE > ECOSYSTEMS > AQUATIC ECOSYSTEMS > WETLANDS": {
    "RAPID": 1.19,
    "CMS-Flux": 1.35,
    "CARDAMOM": 1.35
  },
  "EARTH SCIENCE > BIOSPHERE > ECOSYSTEMS > MARINE ECOSYSTEMS > COASTAL": {
    "ECCO": 1.07
  },
  "EARTH SCIENCE > BIOSPHERE > ECOSYSTEMS > TERRESTRIAL ECOSYSTEMS > WETLANDS": {
    "RAPID": 1.19,
    "CMS-Flux": 1.35,
    "CARDAMOM": 1.35
  },
  "EARTH SCIENCE > BIOSPHERE > ECOLOGICAL DYNAMICS > COMMUNITY DYNAMICS > BIODIVERSITY FUNCTIONS": {
    "ECCO": 1.08,
    "CMS-Flux": 1.12
  },
  "EARTH SCIENCE > OCEANS > COASTAL PROCESSES > MANGROVES": {
    "ECCO": 1.11
  },
  "EARTH SCIENCE > BIOLOGICAL CLASSIFICATION > ANIMALS/INVERTEBRATES": {
    "ECCO": 1.1
  },
  "EARTH SCIENCE > BIOLOGICAL CLASSIFICATION > ANIMALS/VERTEBRATES > FISH": {
    "ECCO": 1.1
  },
  "EARTH SCIENCE > BIOSPHERE > ECOSYSTEMS > FRESHWATER ECOSYSTEMS > RIVERS/STREAM": {
    "RAPID": 1.35,
    "ISSM": 1.24
  },
  "EARTH SCIENCE > BIOLOGICAL CLASSIFICATION > BACTERIA/ARCHAEA": {
    "ECCO": 1.09
  },
  "EARTH SCIENCE > OCEANS > MARINE ENVIRONMENT MONITORING > MARINE OBSTRUCTIONS": {
    "ECCO": 1.07,
    "CMS-Flux": 1.05
  },
  "EARTH SCIENCE > BIOSPHERE > ECOSYSTEMS > MARINE ECOSYSTEMS > PELAGIC": {
    "ECCO": 1.1
  },
  "EARTH SCIENCE > BIOSPHERE > ECOLOGICAL DYNAMICS > COMMUNITY DYNAMICS > COMMUNITY STRUCTURE": {
    "ECCO": 1.08
  },
  "EARTH SCIENCE > CLIMATE INDICATORS > LAND SURFACE/AGRICULTURE INDICATORS": {
    "CARDAMOM": 1.35,
    "RAPID": 1.35,
    "ISSM": 1.16,
    "CMS-Flux": 1.17
  },
  "EARTH SCIENCE > ATMOSPHERE > ATMOSPHERIC WATER VAPOR": {
    "ECCO": 1.06,
    "CMS-Flux": 1.12
  },
  "EARTH SCIENCE > OCEANS > OCEAN CHEMISTRY > PIGMENTS > CHLOROPHYLL": {
    "ECCO": 1.11
  },
  "EARTH SCIENCE > OCEANS > OCEAN CHEMISTRY > CHLOROPHYLL": {
    "ECCO": 1.11
  },
  "EARTH SCIENCE > OCEANS > OCEAN CHEMISTRY > PIGMENTS": {
    "ECCO": 1.11
  },
  "EARTH SCIENCE > OCEANS > OCEAN OPTICS > PHOTOSYNTHETICALLY ACTIVE RADIATION": {
    "ECCO": 1.11
  },
  "EARTH SCIENCE > BIOSPHERE > ECOSYSTEMS > AQUATIC ECOSYSTEMS > PLANKTON": {
    "ECCO": 1.1
  },
  "EARTH SCIENCE > OCEANS > AQUATIC SCIENCES": {
    "ECCO": 1.11
  },
  "EARTH SCIENCE > OCEANS > SEA ICE > ICE EXTENT": {
    "ECCO": 1.11
  },
  "EARTH SCIENCE > OCEANS > OCEAN PRESSURE > OCEAN BOTTOM PRESSURE": {
    "ECCO": 1.09
  },
  "EARTH SCIENCE > SOLID EARTH > GRAVITY/GRAVITATIONAL FIELD > GRAVITY ANOMALIES": {
    "ECCO": 1.08
  },
  "EARTH SCIENCE > OCEANS > SEA SURFACE TOPOGRAPHY": {
    "ECCO": 1.05,
    "ISSM": 1.05
  },
  "EARTH SCIENCE > SOLID EARTH > GRAVITY/GRAVITATIONAL FIELD > GRAVITY": {
    "ECCO": 1.08
  },
  "EARTH SCIENCE > CRYOSPHERE > GLACIERS/ICE SHEETS > GLACIER MASS BALANCE/ICE SHEET MASS BALANCE": {
    "ISSM": 1.35
  },
  "EARTH SCIENCE > SOLID EARTH > GRAVITY/GRAVITATIONAL FIELD > GRAVITATIONAL FIELD": {
    "ECCO": 1.08
  },
  "EARTH SCIENCE > SOLID EARTH > GRAVITY/GRAVITATIONAL FIELD": {
    "ECCO": 1.07
  },
  "EARTH SCIENCE > SOLID EARTH > GRAVITY/GRAVITATIONAL FIELD > CRUSTAL MOTION": {
    "ECCO": 1.09
  },
  "EARTH SCIENCE > OCEANS > MARINE GEOPHYSICS > MARINE GRAVITY FIELD": {
    "ECCO": 1.11
  },
  "EARTH SCIENCE > SOLID EARTH > GEOMAGNETISM > MAGNETIC FIELD > MAGNETIC ANOMALIES": {
    "ECCO": 1.06
  },
  "EARTH SCIENCE > SOLID EARTH > GEODETICS > COORDINATE REFERENCE SYSTEM": {
    "ECCO": 1.07
  },
  "EARTH SCIENCE > SOLID EARTH > TECTONICS": {
    "ISSM": 1.21
  },
  "EARTH SCIENCE > BIOSPHERE > ECOSYSTEMS > FRESHWATER ECOSYSTEMS > LAKE/POND": {
    "RAPID": 1.35,
    "ISSM": 1.35
  },
  "EARTH SCIENCE > BIOSPHERE > ECOLOGICAL DYNAMICS": {
    "RAPID": 1.17,
    "CMS-Flux": 1.35,
    "CARDAMOM": 1.35
  },
  "EARTH SCIENCE > OCEANS > MARINE ENVIRONMENT MONITORING": {
    "ECCO": 1.11
  },
  "EARTH SCIENCE > OCEANS > TIDES > TIDAL HEIGHT": {
    "ISSM": 1.13
  },
  "EARTH SCIENCE > OCEANS > TIDES > TIDAL COMPONENTS": {
    "ISSM": 1.1
  },
  "EARTH SCIENCE > OCEANS > COASTAL PROCESSES > COASTAL ELEVATION": {
    "ISSM": 1.23
  },
  "EARTH SCIENCE > OCEANS > TIDES > TIDAL RANGE": {
    "ISSM": 1.05,
    "ECCO": 1.05
  },
  "EARTH SCIENCE > BIOSPHERE > ECOSYSTEMS > AQUATIC ECOSYSTEMS > PLANKTON > ZOOPLANKTON": {
    "ECCO": 1.09
  },
  "EARTH SCIENCE > CRYOSPHERE > GLACIERS/ICE SHEETS > GLACIERS": {
    "ISSM": 1.35
  },
  "EARTH SCIENCE > CRYOSPHERE > GLACIERS/ICE SHEETS > ICEBERGS": {
    "ISSM": 1.35
  },
  "EARTH SCIENCE > LAND SURFACE > TOPOGRAPHY > TERRAIN ELEVATION": {
    "ISSM": 1.05,
    "ECCO": 1.05
  },
  "EARTH SCIENCE > ATMOSPHERE > ATMOSPHERIC WINDS": {
    "ECCO": 1.09
  },
  "EARTH SCIENCE > OCEANS > MARINE SEDIMENTS > STRATIGRAPHIC SEQUENCE": {
    "ECCO": 1.05,
    "ISSM": 1.05
  },
  "EARTH SCIENCE > TERRESTRIAL HYDROSPHERE > WATER QUALITY/WATER CHEMISTRY > WATER CHARACTERISTICS > WATER TEMPERATURE": {
    "ECCO": 1.07,
    "RAPID": 1.09
  },
  "EARTH SCIENCE > SOLID EARTH > TECTONICS > EARTHQUAKES > SEISMIC PROFILE > SEISMIC SURFACE WAVES": {
    "ECCO": 1.08
  },
  "EARTH SCIENCE > SOLID EARTH > TECTONICS > EARTHQUAKES > EARTHQUAKE OCCURRENCES": {
    "ECCO": 1.08
  },
  "EARTH SCIENCE > SOLID EARTH > TECTONICS > EARTHQUAKES > SEISMIC PROFILE > SEISMIC BODY WAVES": {
    "ECCO": 1.07
  },
  "EARTH SCIENCE > SOLID EARTH > TECTONICS > EARTHQUAKES": {
    "ECCO": 1.05
  },
  "EARTH SCIENCE > SOLID EARTH > TECTONICS > EARTHQUAKES > SEISMIC PROFILE": {
    "ECCO": 1.09
  },
  "EARTH SCIENCE > SOLID EARTH > TECTONICS > EARTHQUAKES > EARTHQUAKE MAGNITUDE/INTENSITY": {
    "ECCO": 1.08
  },
  "EARTH SCIENCE > SOLID EARTH > TECTONICS > PLATE TECTONICS": {
    "ECCO": 1.05,
    "ISSM": 1.05
  },
  "EARTH SCIENCE > CLIMATE INDICATORS > ATMOSPHERIC/OCEAN INDICATORS > SURFACE SALINITY": {
    "ECCO": 1.11
  },
  "EARTH SCIENCE > OCEANS > OCEAN CHEMISTRY > TRACE ELEMENTS": {
    "ECCO": 1.11
  },
  "EARTH SCIENCE > OCEANS > MARINE SEDIMENTS > SEDIMENTARY STRUCTURES": {
    "ECCO": 1.06
  },
  "EARTH SCIENCE > BIOSPHERE > ECOLOGICAL DYNAMICS > ECOSYSTEM FUNCTIONS > BIOGEOCHEMICAL CYCLES": {
    "CMS-Flux": 1.35,
    "CARDAMOM": 1.35
  },
  "EARTH SCIENCE > BIOSPHERE > ECOLOGICAL DYNAMICS > ECOSYSTEM FUNCTIONS > PHOTOSYNTHESIS": {
    "CMS-Flux": 1.35,
    "CARDAMOM": 1.35,
    "MOMO-CHEM": 1.15
  },
  "EARTH SCIENCE > BIOSPHERE > ECOLOGICAL DYNAMICS > ECOSYSTEM FUNCTIONS > RESPIRATION RATE": {
    "CMS-Flux": 1.35,
    "CARDAMOM": 1.35,
    "MOMO-CHEM": 1.05
  },
  "EARTH SCIENCE > BIOSPHERE > ECOLOGICAL DYNAMICS > ECOSYSTEM FUNCTIONS > PRIMARY PRODUCTION": {
    "CMS-Flux": 1.35,
    "CARDAMOM": 1.35
  },
  "EARTH SCIENCE > BIOLOGICAL CLASSIFICATION > PLANTS > MICROALGAE > DIATOMS": {
    "ECCO": 1.05
  },
  "EARTH SCIENCE > BIOLOGICAL CLASSIFICATION > PROTISTS > DIATOMS": {
    "ISSM": 1.16
  },
  "EARTH SCIENCE > BIOSPHERE > ECOLOGICAL DYNAMICS > ECOSYSTEM FUNCTIONS > NUTRIENT CYCLING": {
    "CARDAMOM": 1.35,
    "CMS-Flux": 1.35
  },
  "EARTH SCIENCE > CRYOSPHERE > GLACIERS/ICE SHEETS > GLACIER THICKNESS/ICE SHEET THICKNESS": {
    "ISSM": 1.35
  },
  "EARTH SCIENCE > CRYOSPHERE > GLACIERS/ICE SHEETS > ABLATION ZONES/ACCUMULATION ZONES": {
    "ISSM": 1.35
  },
  "EARTH SCIENCE > CRYOSPHERE > SEA ICE > SEA ICE CONCENTRATION": {
    "ECCO": 1.11
  },
  "EARTH SCIENCE > CRYOSPHERE > SEA ICE > ICE EXTENT": {
    "ECCO": 1.08
  },
  "EARTH SCIENCE > CRYOSPHERE > SEA ICE > ICE FLOES": {
    "ECCO": 1.08
  },
  "EARTH SCIENCE > ATMOSPHERE > ATMOSPHERIC PRESSURE > OSCILLATIONS": {
    "ECCO": 1.11
  },
  "EARTH SCIENCE > ATMOSPHERE > ATMOSPHERIC PRESSURE > PRESSURE ANOMALIES": {
    "ECCO": 1.11
  },
  "EARTH SCIENCE > ATMOSPHERE > ATMOSPHERIC TEMPERATURE > SURFACE TEMPERATURE > TEMPERATURE ANOMALIES": {
    "ECCO": 1.11
  },
  "EARTH SCIENCE > BIOLOGICAL CLASSIFICATION > PROTISTS": {
    "ECCO": 1.11
  },
  "EARTH SCIENCE > BIOSPHERE > AQUATIC ECOSYSTEMS > PLANKTON > PHYTOPLANKTON": {
    "ECCO": 1.11
  },
  "EARTH SCIENCE > LAND SURFACE > TOPOGRAPHY > TERRAIN ELEVATION > TOPOGRAPHICAL RELIEF MAPS": {
    "ECCO": 1.11
  },
  "EARTH SCIENCE > LAND SURFACE > GEOMORPHIC LANDFORMS/PROCESSES": {
    "RAPID": 1.35,
    "ISSM": 1.07
  },
  "EARTH SCIENCE > LAND SURFACE > TOPOGRAPHY > TERRAIN ELEVATION > CONTOUR MAPS": {
    "RAPID": 1.35,
    "ISSM": 1.16
  },
  "EARTH SCIENCE > LAND SURFACE > TOPOGRAPHY": {
    "ECCO": 1.11
  },
  "EARTH SCIENCE > ATMOSPHERE > ATMOSPHERIC PRESSURE": {
    "ECCO": 1.05,
    "CMS-Flux": 1.26,
    "CARDAMOM": 1.17
  },
  "EARTH SCIENCE > ATMOSPHERE > ATMOSPHERIC CHEMISTRY > CARBON AND HYDROCARBON COMPOUNDS > ATMOSPHERIC CARBON DIOXIDE > PARTIAL PRESSURE OF CARBON DIOXIDE": {
    "ECCO": 1.08,
    "CMS-Flux": 1.07
  },
  "EARTH SCIENCE > HUMAN DIMENSIONS > ENVIRONMENTAL IMPACTS > CONTAMINANT LEVELS/SPILLS": {
    "ECCO": 1.05,
    "CMS-Flux": 1.35
  },
  "EARTH SCIENCE > HUMAN DIMENSIONS > INFRASTRUCTURE": {
    "RAPID": 1.35,
    "ISSM": 1.14
  },
  "EARTH SCIENCE > SOLID EARTH > EARTH GASES/LIQUIDS > PETROLEUM": {
    "ECCO": 1.05,
    "CMS-Flux": 1.35
  },
  "EARTH SCIENCE > SOLID EARTH > GEOCHEMISTRY": {
    "ISSM": 1.35
  },
  "EARTH SCIENCE > SOLID EARTH > TECTONICS > VOLCANIC ACTIVITY": {
    "ISSM": 1.16
  },
  "EARTH SCIENCE > ATMOSPHERE > ATMOSPHERIC CHEMISTRY > HALOCARBONS AND HALOGENS > CHLOROFLUOROCARBONS": {
    "ECCO": 1.05,
    "MOMO-CHEM": 1.35
  },
  "EARTH SCIENCE > OCEANS > OCEAN CHEMISTRY > NITROUS OXIDE": {
    "ECCO": 1.05,
    "CMS-Flux": 1.21,
    "CARDAMOM": 1.28
  },
  "EARTH SCIENCE > PALEOCLIMATE > ICE CORE RECORDS": {
    "ISSM": 1.35
  },
  "EARTH SCIENCE > SPECTRAL/ENGINEERING > PLATFORM CHARACTERISTICS > ORBITAL CHARACTERISTICS": {
    "ECCO": 1.1
  },
  "EARTH SCIENCE > BIOLOGICAL CLASSIFICATION > ANIMALS/VERTEBRATES > MAMMALS": {
    "ECCO": 1.11
  },
  "EARTH SCIENCE > BIOLOGICAL CLASSIFICATION > ANIMALS/VERTEBRATES": {
    "ECCO": 1.11
  },
  "EARTH SCIENCE > BIOSPHERE > VEGETATION > CARBON": {
    "CMS-Flux": 1.35,
    "CARDAMOM": 1.35,
    "MOMO-CHEM": 1.17
  },
  "EARTH SCIENCE > TERRESTRIAL HYDROSPHERE > SURFACE WATER > SURFACE WATER FEATURES > LAKES/RESERVOIRS": {
    "RAPID": 1.35,
    "ISSM": 1.27
  },
  "EARTH SCIENCE > OCEANS > WATER QUALITY > OCEAN CONTAMINANTS": {
    "ECCO": 1.11
  },
  "EARTH SCIENCE > BIOSPHERE > ECOLOGICAL DYNAMICS > ECOTOXICOLOGY > SPECIES BIOACCUMULATION": {
    "ECCO": 1.11
  },
  "EARTH SCIENCE > BIOSPHERE > ECOSYSTEMS > MARINE ECOSYSTEMS > BENTHIC": {
    "ECCO": 1.11
  },
  "EARTH SCIENCE > OCEANS > OCEAN CHEMISTRY > ORGANIC MATTER": {
    "ECCO": 1.11
  },
  "EARTH SCIENCE > ATMOSPHERE > CLOUDS": {
    "ECCO": 1.07
  },
  "EARTH SCIENCE > ATMOSPHERE > ATMOSPHERIC TEMPERATURE": {
    "ECCO": 1.05,
    "CMS-Flux": 1.05
  },
  "EARTH SCIENCE > ATMOSPHERE > ATMOSPHERIC PRESSURE > SURFACE PRESSURE": {
    "ECCO": 1.05,
    "RAPID": 1.11,
    "MOMO-CHEM": 1.11
  },
  "EARTH SCIENCE > ATMOSPHERE > ATMOSPHERIC RADIATION > SHORTWAVE RADIATION": {
    "ECCO": 1.08,
    "MOMO-CHEM": 1.25
  },
  "EARTH SCIENCE > ATMOSPHERE > ATMOSPHERIC RADIATION > LONGWAVE RADIATION": {
    "ECCO": 1.06,
    "MOMO-CHEM": 1.23
  },
  "EARTH SCIENCE > BIOLOGICAL CLASSIFICATION > ANIMALS/VERTEBRATES > MAMMALS > CARNIVORES > SEALS/SEA LIONS/WALRUSES": {
    "ECCO": 1.11
  },
  "EARTH SCIENCE > BIOLOGICAL CLASSIFICATION > ANIMALS/VERTEBRATES > BIRDS": {
    "ISSM": 1.07,
    "CMS-Flux": 1.35
  },
  "EARTH SCIENCE > BIOSPHERE > ECOLOGICAL DYNAMICS > SPECIES/POPULATION INTERACTIONS > POPULATION DYNAMICS": {
    "ECCO": 1.11
  },
  "EARTH SCIENCE > BIOSPHERE > ECOLOGICAL DYNAMICS > ECOSYSTEM FUNCTIONS > BIOMASS DYNAMICS": {
    "CARDAMOM": 1.35,
    "CMS-Flux": 1.23
  },
  "EARTH SCIENCE > OCEANS > OCEAN TEMPERATURE > SEA SURFACE TEMPERATURE > SEA SURFACE SKIN TEMPERATURE": {
    "ECCO": 1.11
  },
  "EARTH SCIENCE > OCEANS > BATHYMETRY/SEAFLOOR TOPOGRAPHY > BATHYMETRY": {
    "ECCO": 1.05
  },
  "EARTH SCIENCE > OCEANS > -NA-": {
    "ECCO": 1.11
  },
  "EARTH SCIENCE > BIOLOGICAL CLASSIFICATION > ANIMALS/VERTEBRATES > FISH > RAY-FINNED FISHES": {
    "ECCO": 1.11
  },
  "EARTH SCIENCE > CRYOSPHERE > GLACIERS/ICE SHEETS > GLACIER ELEVATION/ICE SHEET ELEVATION": {
    "ISSM": 1.35
  },
  "EARTH SCIENCE > CRYOSPHERE > SNOW/ICE > ICE VELOCITY": {
    "ISSM": 1.35
  },
  "EARTH SCIENCE > CRYOSPHERE > GLACIERS/ICE SHEETS > GLACIER TOPOGRAPHY/ICE SHEET TOPOGRAPHY": {
    "ISSM": 1.35
  },
  "EARTH SCIENCE > TERRESTRIAL HYDROSPHERE > SNOW/ICE": {
    "ISSM": 1.35
  },
  "EARTH SCIENCE > LAND SURFACE > SURFACE RADIATIVE PROPERTIES > REFLECTANCE": {
    "CMS-Flux": 1.35,
    "CARDAMOM": 1.35
  },
  "EARTH SCIENCE > ATMOSPHERE > ATMOSPHERIC RADIATION > HEAT FLUX": {
    "CMS-Flux": 1.35,
    "CARDAMOM": 1.35
  },
  "EARTH SCIENCE > BIOLOGICAL CLASSIFICATION > NOT PROVIDED": {
    "ECCO": 1.11
  },
  "EARTH SCIENCE > SUN-EARTH INTERACTIONS > IONOSPHERE/MAGNETOSPHERE DYNAMICS > AURORAE": {
    "ECCO": 1.05,
    "CMS-Flux": 1.35
  },
  "EARTH SCIENCE > OCEANS > OCEAN WAVES": {
    "ECCO": 1.11
  },
  "EARTH SCIENCE > OCEANS > OCEAN TEMPERATURE > SEA SURFACE TEMPERATURE > SEA SURFACE SUBSKIN TEMPERATURE": {
    "ECCO": 1.11
  },
  "EARTH SCIENCE > ATMOSPHERE > ATMOSPHERIC WATER VAPOR > WATER VAPOR INDICATORS > HUMIDITY": {
    "ECCO": 1.05,
    "RAPID": 1.18
  },
  "EARTH SCIENCE > OCEANS > MARINE GEOPHYSICS": {
    "ECCO": 1.06
  },
  "EARTH SCIENCE > ATMOSPHERE > ATMOSPHERIC WINDS > SURFACE WINDS > WIND SPEED": {
    "ECCO": 1.07,
    "CMS-Flux": 1.24
  },
  "EARTH SCIENCE > OCEANS > OCEAN CIRCULATION > BUOY POSITION": {
    "ECCO": 1.11
  },
  "EARTH SCIENCE > ATMOSPHERE > ATMOSPHERIC WINDS > WIND DYNAMICS > WIND STRESS": {
    "ECCO": 1.11
  },
  "EARTH SCIENCE > OCEANS > OCEAN ACOUSTICS": {
    "ECCO": 1.11
  },
  "EARTH SCIENCE > OCEANS > OCEAN CHEMISTRY > NITRATE": {
    "ECCO": 1.11
  },
  "EARTH SCIENCE > OCEANS > OCEAN CHEMISTRY > PHOSPHATE": {
    "ECCO": 1.11
  },
  "EARTH SCIENCE > OCEANS > AQUATIC SCIENCES > FISHERIES": {
    "ECCO": 1.11
  },
  "EARTH SCIENCE > AGRICULTURE > ANIMAL SCIENCE > ANIMAL PHYSIOLOGY AND BIOCHEMISTRY": {
    "RAPID": 1.35,
    "ISSM": 1.07
  },
  "EARTH SCIENCE > OCEANS > BATHYMETRY/SEAFLOOR TOPOGRAPHY > WATER DEPTH": {
    "ECCO": 1.11
  },
  "EARTH SCIENCE > ATMOSPHERE > ATMOSPHERIC WINDS > TURBULENCE": {
    "CMS-Flux": 1.35
  },
  "EARTH SCIENCE > OCEANS > OCEAN CHEMISTRY > HYDROCARBONS": {
    "ECCO": 1.11
  },
  "EARTH SCIENCE > BIOLOGICAL CLASSIFICATION > PROTISTS > PLANKTON > PHYTOPLANKTON": {
    "ECCO": 1.11
  },
  "EARTH SCIENCE > BIOLOGICAL CLASSIFICATION > PLANTS > MICROALGAE": {
    "ECCO": 1.11
  },
  "EARTH SCIENCE > CRYOSPHERE > SEA ICE > ICE TEMPERATURE": {
    "ECCO": 1.11
  },
  "EARTH SCIENCE > ATMOSPHERE > WEATHER EVENTS > TROPICAL CYCLONES": {
    "ECCO": 1.05,
    "RAPID": 1.15
  },
  "EARTH SCIENCE > ATMOSPHERE > WEATHER EVENTS > RAIN STORMS": {
    "ECCO": 1.05,
    "RAPID": 1.35
  },
  "EARTH SCIENCE > HUMAN DIMENSIONS > NATURAL HAZARDS > TROPICAL CYCLONES > HURRICANES": {
    "ECCO": 1.11
  },
  "EARTH SCIENCE > HUMAN DIMENSIONS > NATURAL HAZARDS > TROPICAL CYCLONES > TYPHOONS": {
    "ECCO": 1.11
  },
  "EARTH SCIENCE > ATMOSPHERE > ATMOSPHERIC PRESSURE > ANTICYCLONES/CYCLONES": {
    "ECCO": 1.11
  },
  "EARTH SCIENCE > ATMOSPHERE > ATMOSPHERIC RADIATION": {
    "ECCO": 1.05,
    "CMS-Flux": 1.28,
    "MOMO-CHEM": 1.35
  },
  "EARTH SCIENCE > ATMOSPHERE > AEROSOLS": {
    "ECCO": 1.05,
    "CMS-Flux": 1.32,
    "MOMO-CHEM": 1.35
  },
  "EARTH SCIENCE > HUMAN DIMENSIONS > ENVIRONMENTAL IMPACTS > INDUSTRIAL EMISSIONS": {
    "CMS-Flux": 1.35,
    "CARDAMOM": 1.35,
    "MOMO-CHEM": 1.35
  },
  "EARTH SCIENCE > ATMOSPHERE > ATMOSPHERIC CHEMISTRY > CARBON AND HYDROCARBON COMPOUNDS > METHANE": {
    "CMS-Flux": 1.35,
    "CARDAMOM": 1.35,
    "MOMO-CHEM": 1.35
  },
  "EARTH SCIENCE > ATMOSPHERE > ATMOSPHERIC CHEMISTRY > OXYGEN COMPOUNDS > OZONE": {
    "MOMO-CHEM": 1.35
  },
  "EARTH SCIENCE > ATMOSPHERE > AIR QUALITY > CARBON MONOXIDE": {
    "CMS-Flux": 1.35,
    "CARDAMOM": 1.35,
    "MOMO-CHEM": 1.35
  },
  "EARTH SCIENCE > ATMOSPHERE > ATMOSPHERIC CHEMISTRY > CARBON AND HYDROCARBON COMPOUNDS > CARBON MONOXIDE": {
    "CMS-Flux": 1.35,
    "CARDAMOM": 1.35,
    "MOMO-CHEM": 1.35
  },
  "EARTH SCIENCE > ATMOSPHERE > AIR QUALITY > TROPOSPHERIC OZONE": {
    "MOMO-CHEM": 1.35
  },
  "EARTH SCIENCE > LAND SURFACE > SURFACE THERMAL PROPERTIES > LAND SURFACE TEMPERATURE": {
    "CMS-Flux": 1.35,
    "RAPID": 1.06,
    "ISSM": 1.11,
    "CARDAMOM": 1.35
  },
  "EARTH SCIENCE > OCEANS > COASTAL PROCESSES > BEACHES": {
    "ISSM": 1.11,
    "CMS-Flux": 1.35
  },
  "EARTH SCIENCE > OCEANS > COASTAL PROCESSES > SHORELINES": {
    "ISSM": 1.07,
    "CMS-Flux": 1.28
  },
  "EARTH SCIENCE > ATMOSPHERE > ATMOSPHERIC PRESSURE > ATMOSPHERIC PRESSURE MEASUREMENTS": {
    "ECCO": 1.05,
    "RAPID": 1.19
  },
  "EARTH SCIENCE > ATMOSPHERE > ATMOSPHERIC WINDS > UPPER LEVEL WINDS": {
    "ECCO": 1.11
  },
  "EARTH SCIENCE > OCEANS > OCEAN TEMPERATURE > THERMOCLINE": {
    "ECCO": 1.08
  },
  "EARTH SCIENCE > TERRESTRIAL HYDROSPHERE > SURFACE WATER > SURFACE WATER PROCESSES/MEASUREMENTS > TOTAL SURFACE WATER": {
    "RAPID": 1.35,
    "ISSM": 1.27
  },
  "EARTH SCIENCE > BIOLOGICAL CLASSIFICATION > ANIMALS/INVERTEBRATES > ARTHROPODS > CRUSTACEANS": {
    "ECCO": 1.11
  },
  "EARTH SCIENCE > OCEANS > OCEAN WAVES > WAVE SPEED/DIRECTION": {
    "ECCO": 1.11
  },
  "EARTH SCIENCE > HUMAN DIMENSIONS > INFRASTRUCTURE > BUILDINGS": {
    "ECCO": 1.11
  },
  "EARTH SCIENCE > HUMAN DIMENSIONS > INFRASTRUCTURE > TRANSPORTATION": {
    "ECCO": 1.11
  },
  "EARTH SCIENCE > SOLID EARTH > GEODETICS > COORDINATE REFERENCE SYSTEM > GLOBAL COORDINATE REFERENCE SYSTEM": {
    "ECCO": 1.11
  },
  "EARTH SCIENCE > SOLID EARTH > GEODETICS > GEOID CHARACTERISTICS": {
    "ECCO": 1.11
  },
  "EARTH SCIENCE > SOLID EARTH > GRAVITY/GRAVITATIONAL FIELD > CONTROL SURVEYS": {
    "ECCO": 1.1
  },
  "EARTH SCIENCE > SOLID EARTH > TECTONICS > PLATE TECTONICS > PLATE BOUNDARIES": {
    "ECCO": 1.09
  },
  "EARTH SCIENCE > OCEANS > OCEAN WAVES > WAVE HEIGHT": {
    "ECCO": 1.11
  },
  "EARTH SCIENCE > HUMAN DIMENSIONS > PUBLIC HEALTH": {
    "RAPID": 1.34,
    "CMS-Flux": 1.24,
    "MOMO-CHEM": 1.35
  },
  "EARTH SCIENCE > HUMAN DIMENSIONS > ENVIRONMENTAL GOVERNANCE/MANAGEMENT > ENVIRONMENTAL ASSESSMENTS": {
    "RAPID": 1.27,
    "CMS-Flux": 1.35
  },
  "EARTH SCIENCE > ATMOSPHERE > ATMOSPHERIC RADIATION > RADIATIVE FORCING": {
    "CMS-Flux": 1.35,
    "MOMO-CHEM": 1.35
  },
  "EARTH SCIENCE > LAND SURFACE > SOILS > SOIL HEAT BUDGET": {
    "CMS-Flux": 1.35,
    "CARDAMOM": 1.35
  },
  "EARTH SCIENCE > TERRESTRIAL HYDROSPHERE > WATER QUALITY/WATER CHEMISTRY > WATER CHARACTERISTICS > CONDUCTIVITY": {
    "ECCO": 1.05,
    "RAPID": 1.35
  },
  "EARTH SCIENCE > OCEANS > OCEAN CHEMISTRY > ORGANIC CARBON": {
    "ECCO": 1.11
  },
  "EARTH SCIENCE > ATMOSPHERE > ATMOSPHERIC WATER VAPOR > WATER VAPOR PROCESSES > EVAPORATION": {
    "ECCO": 1.11
  },
  "EARTH SCIENCE > ATMOSPHERE > ATMOSPHERIC RADIATION > RADIATIVE FLUX": {
    "ECCO": 1.05,
    "MOMO-CHEM": 1.35
  },
  "EARTH SCIENCE > CRYOSPHERE > SEA ICE > ICE EDGES": {
    "ECCO": 1.05
  },
  "EARTH SCIENCE > CRYOSPHERE > SEA ICE > SEA ICE MOTION": {
    "ISSM": 1.22
  },
  "EARTH SCIENCE > TERRESTRIAL HYDROSPHERE > WATER QUALITY/WATER CHEMISTRY > DISSOLVED GASES": {
    "ECCO": 1.05,
    "CMS-Flux": 1.35
  },
  "EARTH SCIENCE > SPECTRAL/ENGINEERING > INFRARED WAVELENGTHS": {
    "ECCO": 1.05,
    "CMS-Flux": 1.35
  },
  "EARTH SCIENCE > ATMOSPHERE > ATMOSPHERIC TEMPERATURE > UPPER AIR TEMPERATURE": {
    "ECCO": 1.11
  },
  "EARTH SCIENCE > ATMOSPHERE > ALTITUDE > GEOPOTENTIAL HEIGHT": {
    "ECCO": 1.11
  },
  "EARTH SCIENCE > ATMOSPHERE > ATMOSPHERIC WINDS > WIND DYNAMICS > VERTICAL WIND VELOCITY/SPEED": {
    "ECCO": 1.11
  },
  "EARTH SCIENCE > ATMOSPHERE > ATMOSPHERIC WINDS > WIND DYNAMICS > VORTICITY": {
    "ECCO": 1.11
  },
  "EARTH SCIENCE > OCEANS > OCEAN OPTICS > ATTENUATION/TRANSMISSION": {
    "ECCO": 1.11
  },
  "EARTH SCIENCE > PALEOCLIMATE > OCEAN/LAKE RECORDS > SEDIMENTS": {
    "ISSM": 1.13
  },
  "EARTH SCIENCE > PALEOCLIMATE > OCEAN/LAKE RECORDS > MICROFOSSILS": {
    "ECCO": 1.05
  },
  "EARTH SCIENCE > PALEOCLIMATE > OCEAN/LAKE RECORDS": {
    "ECCO": 1.11
  },
  "EARTH SCIENCE > PALEOCLIMATE > OCEAN/LAKE RECORDS > STRATIGRAPHIC SEQUENCE": {
    "ECCO": 1.05,
    "ISSM": 1.07
  },
  "EARTH SCIENCE > PALEOCLIMATE > OCEAN/LAKE RECORDS > ISOTOPES": {
    "ISSM": 1.16
  },
  "EARTH SCIENCE > OCEANS > OCEAN HEAT BUDGET > EVAPORATION": {
    "ECCO": 1.11
  },
  "EARTH SCIENCE > BIOSPHERE > ECOSYSTEMS > TERRESTRIAL ECOSYSTEMS > FORESTS": {
    "CMS-Flux": 1.35,
    "CARDAMOM": 1.35,
    "MOMO-CHEM": 1.11
  },
  "EARTH SCIENCE > BIOSPHERE > VEGETATION": {
    "CMS-Flux": 1.35,
    "CARDAMOM": 1.35
  },
  "EARTH SCIENCE > BIOSPHERE > VEGETATION > LEAF CHARACTERISTICS": {
    "CMS-Flux": 1.35,
    "CARDAMOM": 1.35,
    "MOMO-CHEM": 1.31
  },
  "EARTH SCIENCE > TERRESTRIAL HYDROSPHERE > WATER QUALITY/WATER CHEMISTRY > NUTRIENTS": {
    "RAPID": 1.35,
    "ISSM": 1.07,
    "CMS-Flux": 1.15
  },
  "EARTH SCIENCE > TERRESTRIAL HYDROSPHERE > WATER QUALITY/WATER CHEMISTRY > CONTAMINANTS": {
    "RAPID": 1.35,
    "ISSM": 1.16
  },
  "EARTH SCIENCE > OCEANS > OCEAN WAVES > SWELLS": {
    "ECCO": 1.11
  },
  "EARTH SCIENCE > OCEANS > OCEAN TEMPERATURE > SEA SURFACE TEMPERATURE > SEA SURFACE FOUNDATION TEMPERATURE": {
    "ECCO": 1.11
  },
  "EARTH SCIENCE > OCEANS > OCEAN CHEMISTRY > AMMONIA": {
    "ECCO": 1.11
  },
  "EARTH SCIENCE > CRYOSPHERE > SEA ICE > ICEBERGS": {
    "ISSM": 1.2
  },
  "EARTH SCIENCE > OCEANS > OCEAN CHEMISTRY > PH": {
    "ECCO": 1.11
  },
  "EARTH SCIENCE > LAND SURFACE > SOILS > SOIL MOISTURE/WATER CONTENT": {
    "CMS-Flux": 1.35,
    "RAPID": 1.35,
    "CARDAMOM": 1.35
  },
  "EARTH SCIENCE SERVICES > DATA ANALYSIS AND VISUALIZATION > VISUALIZATION/IMAGE PROCESSING": {
    "ECCO": 1.11
  },
  "EARTH SCIENCE > ATMOSPHERE > ATMOSPHERIC RADIATION > NET RADIATION": {
    "CMS-Flux": 1.35
  },
  "EARTH SCIENCE > ATMOSPHERE > ATMOSPHERIC WATER VAPOR > WATER VAPOR INDICATORS > WATER VAPOR": {
    "CMS-Flux": 1.35,
    "RAPID": 1.26,
    "MOMO-CHEM": 1.35
  },
  "EARTH SCIENCE > CLIMATE INDICATORS > ATMOSPHERIC/OCEAN INDICATORS > SEA SURFACE TEMPERATURE INDICES": {
    "ECCO": 1.11
  },
  "EARTH SCIENCE > LAND SURFACE > SOILS > SOIL TEMPERATURE": {
    "CMS-Flux": 1.35,
    "CARDAMOM": 1.35
  },
  "EARTH SCIENCE > TERRESTRIAL HYDROSPHERE > GLACIERS/ICE SHEETS > GLACIERS": {
    "ISSM": 1.35
  },
  "EARTH SCIENCE > ATMOSPHERE > ATMOSPHERIC RADIATION > SOLAR RADIATION": {
    "CMS-Flux": 1.35
  },
  "EARTH SCIENCE > TERRESTRIAL HYDROSPHERE > WATER BUDGET > TERRESTRIAL WATER STORAGE": {
    "ISSM": 1.16
  },
  "EARTH SCIENCE > OCEANS > OCEAN WAVES > TSUNAMIS": {
    "ISSM": 1.2
  },
  "EARTH SCIENCE > SPECTRAL/ENGINEERING > RADAR > RADAR IMAGERY": {
    "ISSM": 1.16
  },
  "EARTH SCIENCE > HUMAN DIMENSIONS > NATURAL HAZARDS > EARTHQUAKES": {
    "ECCO": 1.05,
    "ISSM": 1.05
  },
  "EARTH SCIENCE > LAND SURFACE > SURFACE RADIATIVE PROPERTIES": {
    "CARDAMOM": 1.33,
    "CMS-Flux": 1.35,
    "ISSM": 1.14
  },
  "EARTH SCIENCE > TERRESTRIAL HYDROSPHERE > GROUND WATER > GROUND WATER PROCESSES/MEASUREMENTS > DISCHARGE": {
    "RAPID": 1.35,
    "ISSM": 1.28
  },
  "EARTH SCIENCE > SPECTRAL/ENGINEERING > VISIBLE WAVELENGTHS > VISIBLE IMAGERY": {
    "ECCO": 1.05,
    "CMS-Flux": 1.24
  },
  "EARTH SCIENCE > SOLID EARTH > GRAVITY/GRAVITATIONAL FIELD > SATELLITE ORBITS/REVOLUTION": {
    "ECCO": 1.11
  },
  "EARTH SCIENCE > SOLID EARTH > TECTONICS > EARTHQUAKES > EARTHQUAKE PREDICTIONS": {
    "ECCO": 1.05,
    "ISSM": 1.07
  },
  "EARTH SCIENCE > ATMOSPHERE > ATMOSPHERIC RADIATION > OUTGOING LONGWAVE RADIATION": {
    "CMS-Flux": 1.32,
    "MOMO-CHEM": 1.35
  },
  "EARTH SCIENCE > SOLID EARTH > TECTONICS > PLATE TECTONICS > FAULT MOVEMENT": {
    "ECCO": 1.05
  },
  "EARTH SCIENCE > CLIMATE INDICATORS > ATMOSPHERIC/OCEAN INDICATORS": {
    "CARDAMOM": 1.35,
    "CMS-Flux": 1.35
  },
  "EARTH SCIENCE > CRYOSPHERE > SEA ICE > SNOW DEPTH": {
    "ECCO": 1.11
  },
  "EARTH SCIENCE > CRYOSPHERE > SNOW/ICE > SNOW DEPTH": {
    "ISSM": 1.3
  },
  "EARTH SCIENCE > OCEANS > SEA ICE > ICE TEMPERATURE": {
    "ECCO": 1.11
  },
  "EARTH SCIENCE > OCEANS > OCEAN OPTICS > FLUORESCENCE": {
    "ECCO": 1.11
  },
  "EARTH SCIENCE > OCEANS > OCEAN CHEMISTRY > CARBONATE": {
    "ECCO": 1.11
  },
  "EARTH SCIENCE > OCEANS > OCEAN CHEMISTRY > OCEAN TRACERS": {
    "ECCO": 1.11
  },
  "EARTH SCIENCE > AGRICULTURE > AGRICULTURAL AQUATIC SCIENCES > FISHERIES": {
    "ECCO": 1.11
  },
  "EARTH SCIENCE > SPECTRAL/ENGINEERING > RADAR": {
    "ECCO": 1.07
  },
  "EARTH SCIENCE > SPECTRAL/ENGINEERING > RADAR > SIGMA NAUGHT": {
    "ECCO": 1.11
  },
  "EARTH SCIENCE > BIOSPHERE > VEGETATION > BIOMASS": {
    "CMS-Flux": 1.35,
    "CARDAMOM": 1.35,
    "MOMO-CHEM": 1.29
  },
  "EARTH SCIENCE > BIOLOGICAL CLASSIFICATION > ANIMALS/INVERTEBRATES > ARTHROPODS > CRUSTACEANS > EUPHAUSIIDS (KRILL)": {
    "ECCO": 1.11
  },
  "EARTH SCIENCE > BIOLOGICAL CLASSIFICATION > ANIMALS/INVERTEBRATES > ARTHROPODS > CRUSTACEANS > COPEPODS": {
    "ECCO": 1.11
  },
  "EARTH SCIENCE > HUMAN DIMENSIONS > NATURAL HAZARDS > VOLCANIC ERUPTIONS": {
    "ISSM": 1.16
  },
  "EARTH SCIENCE > HUMAN DIMENSIONS > PUBLIC HEALTH > DISEASES/EPIDEMICS": {
    "MOMO-CHEM": 1.35
  },
  "EARTH SCIENCE > HUMAN DIMENSIONS > SOCIOECONOMICS > INDUSTRIALIZATION": {
    "CMS-Flux": 1.35
  },
  "EARTH SCIENCE > OCEANS > OCEAN CHEMISTRY > SILICATE": {
    "ECCO": 1.11
  },
  "EARTH SCIENCE > OCEANS > OCEAN CHEMISTRY > STABLE ISOTOPES": {
    "ECCO": 1.11
  },
  "EARTH SCIENCE > ATMOSPHERE > AIR QUALITY": {
    "CMS-Flux": 1.35,
    "CARDAMOM": 1.1,
    "MOMO-CHEM": 1.35
  },
  "EARTH SCIENCE > ATMOSPHERE > ATMOSPHERIC TEMPERATURE > AIR TEMPERATURE": {
    "CMS-Flux": 1.35
  },
  "EARTH SCIENCE > TERRESTRIAL HYDROSPHERE > SURFACE WATER > SURFACE WATER PROCESSES/MEASUREMENTS > INUNDATION": {
    "RAPID": 1.35,
    "ISSM": 1.29
  },
  "EARTH SCIENCE > SOLID EARTH > GRAVITY/GRAVITATIONAL FIELD > SATELLITE ORBITS/REVOLUTION > ORBITAL POSITION": {
    "ECCO": 1.11
  },
  "EARTH SCIENCE > SOLID EARTH > GEODETICS > COORDINATE REFERENCE SYSTEM > COUNTRY/REGIONAL COORDINATE REFERENCE SYSTEM": {
    "ECCO": 1.11
  },
  "EARTH SCIENCE > SOLID EARTH > GRAVITY/GRAVITATIONAL FIELD > SATELLITE ORBITS/REVOLUTION > ORBIT VELOCITY": {
    "ECCO": 1.11
  },
  "EARTH SCIENCE > OCEANS > SEA ICE > SEA ICE MOTION": {
    "ISSM": 1.11
  },
  "EARTH SCIENCE > LAND SURFACE > SOILS > CARBON": {
    "CMS-Flux": 1.35,
    "CARDAMOM": 1.35
  },
  "EARTH SCIENCE > LAND SURFACE > SOILS > SOIL RESPIRATION": {
    "CMS-Flux": 1.35,
    "CARDAMOM": 1.35
  },
  "EARTH SCIENCE > ATMOSPHERE > AEROSOLS > AEROSOL OPTICAL DEPTH/THICKNESS": {
    "MOMO-CHEM": 1.35
  },
  "EARTH SCIENCE > ATMOSPHERE > ATMOSPHERIC WINDS > UPPER LEVEL WINDS > BOUNDARY LAYER WINDS": {
    "ECCO": 1.11
  },
  "EARTH SCIENCE > OCEANS > OCEAN OPTICS > OCEAN COLOR": {
    "ECCO": 1.11
  },
  "EARTH SCIENCE > CRYOSPHERE > SNOW/ICE > ICE MOTION": {
    "ISSM": 1.35
  },
  "EARTH SCIENCE > OCEANS > BATHYMETRY/SEAFLOOR TOPOGRAPHY > SEAFLOOR TOPOGRAPHY": {
    "ECCO": 1.11
  },
  "EARTH SCIENCE > ATMOSPHERE > ATMOSPHERIC WATER VAPOR > WATER VAPOR PROCESSES > EVAPOTRANSPIRATION": {
    "CMS-Flux": 1.35,
    "RAPID": 1.35,
    "CARDAMOM": 1.35
  },
  "EARTH SCIENCE > AGRICULTURE > SOILS > SOIL MOISTURE/WATER CONTENT": {
    "CMS-Flux": 1.35,
    "CARDAMOM": 1.35
  },
  "EARTH SCIENCE > BIOLOGICAL CLASSIFICATION > ANIMALS/INVERTEBRATES > MOLLUSKS": {
    "ECCO": 1.11
  },
  "EARTH SCIENCE > HUMAN DIMENSIONS > NATURAL HAZARDS > FLOODS": {
    "RAPID": 1.35,
    "ISSM": 1.3
  },
  "EARTH SCIENCE > HUMAN DIMENSIONS > ENVIRONMENTAL GOVERNANCE/MANAGEMENT > WATER MANAGEMENT": {
    "RAPID": 1.35,
    "ISSM": 1.29
  },
  "EARTH SCIENCE > LAND SURFACE > LAND USE/LAND COVER": {
    "CMS-Flux": 1.35,
    "CARDAMOM": 1.35
  },
  "EARTH SCIENCE > HUMAN DIMENSIONS > ENVIRONMENTAL IMPACTS": {
    "RAPID": 1.35,
    "ISSM": 1.16,
    "CMS-Flux": 1.35
  },
  "EARTH SCIENCE > SPECTRAL/ENGINEERING > VISIBLE WAVELENGTHS": {
    "CMS-Flux": 1.35
  },
  "EARTH SCIENCE > OCEANS > OCEAN CHEMISTRY > NITRITE": {
    "ECCO": 1.11
  },
  "EARTH SCIENCE > ATMOSPHERE > ATMOSPHERIC RADIATION > SOLAR IRRADIANCE": {
    "CMS-Flux": 1.35,
    "MOMO-CHEM": 1.35
  },
  "EARTH SCIENCE > ATMOSPHERE > ATMOSPHERIC RADIATION > ALBEDO": {
    "ECCO": 1.05,
    "ISSM": 1.07
  },
  "EARTH SCIENCE > ATMOSPHERE > ATMOSPHERIC RADIATION > ULTRAVIOLET RADIATION": {
    "CMS-Flux": 1.35,
    "MOMO-CHEM": 1.35
  },
  "EARTH SCIENCE > BIOSPHERE > VEGETATION > PHOTOSYNTHETICALLY ACTIVE RADIATION": {
    "CMS-Flux": 1.35,
    "CARDAMOM": 1.35
  },
  "EARTH SCIENCE > SOLID EARTH > GEOMAGNETISM > MAGNETIC FIELD > MAGNETIC DECLINATION": {
    "ECCO": 1.11
  },
  "EARTH SCIENCE > SOLID EARTH > GEOMAGNETISM > MAGNETIC FIELD > MAGNETIC INCLINATION": {
    "ECCO": 1.11
  },
  "EARTH SCIENCE > SOLID EARTH > GEOMAGNETISM > MAGNETIC FIELD > GEOMAGNETIC INDUCTION": {
    "ECCO": 1.11
  },
  "EARTH SCIENCE > AGRICULTURE > SOILS": {
    "RAPID": 1.35,
    "ISSM": 1.19,
    "CARDAMOM": 1.07
  },
  "EARTH SCIENCE > ATMOSPHERE > ATMOSPHERIC CHEMISTRY > NITROGEN COMPOUNDS > NITROUS OXIDE": {
    "CMS-Flux": 1.35,
    "MOMO-CHEM": 1.35,
    "CARDAMOM": 1.35
  },
  "EARTH SCIENCE > LAND SURFACE > LAND USE/LAND COVER > LAND USE/LAND COVER CLASSIFICATION": {
    "CMS-Flux": 1.35,
    "CARDAMOM": 1.35
  },
  "EARTH SCIENCE > CRYOSPHERE > SNOW/ICE > SNOW/ICE TEMPERATURE": {
    "ISSM": 1.35
  },
  "EARTH SCIENCE > TERRESTRIAL HYDROSPHERE > GLACIERS/ICE SHEETS > ICE SHEETS": {
    "ISSM": 1.35
  },
  "EARTH SCIENCE > ATMOSPHERE > ATMOSPHERIC CHEMISTRY > OXYGEN COMPOUNDS > ATMOSPHERIC OZONE": {
    "MOMO-CHEM": 1.35
  },
  "EARTH SCIENCE > ATMOSPHERE > ATMOSPHERIC CHEMISTRY > NITROGEN COMPOUNDS > NITROGEN DIOXIDE": {
    "CMS-Flux": 1.3,
    "MOMO-CHEM": 1.35
  },
  "EARTH SCIENCE > ATMOSPHERE > ATMOSPHERIC CHEMISTRY > OXYGEN COMPOUNDS": {
    "CMS-Flux": 1.05,
    "MOMO-CHEM": 1.35
  },
  "EARTH SCIENCE > TERRESTRIAL HYDROSPHERE > GROUND WATER > GROUND WATER FEATURES > AQUIFERS": {
    "RAPID": 1.35,
    "ISSM": 1.25
  },
  "EARTH SCIENCE > OCEANS > COASTAL PROCESSES > CORAL REEFS": {
    "ECCO": 1.05,
    "ISSM": 1.07
  },
  "EARTH SCIENCE > BIOSPHERE > VEGETATION > CHLOROPHYLL": {
    "CMS-Flux": 1.35
  },
  "EARTH SCIENCE > SOLID EARTH > GEOMAGNETISM > GEOMAGNETIC INDICES": {
    "ECCO": 1.11
  },
  "EARTH SCIENCE > ATMOSPHERE > ATMOSPHERIC CHEMISTRY > CARBON AND HYDROCARBON COMPOUNDS > ATMOSPHERIC CARBON MONOXIDE": {
    "CARDAMOM": 1.35,
    "CMS-Flux": 1.35,
    "MOMO-CHEM": 1.35
  },
  "EARTH SCIENCE > LAND SURFACE > SURFACE THERMAL PROPERTIES": {
    "RAPID": 1.35,
    "ISSM": 1.2
  },
  "EARTH SCIENCE > BIOLOGICAL CLASSIFICATION > ANIMALS/VERTEBRATES > BIRDS > PENGUINS": {
    "ISSM": 1.3
  },
  "EARTH SCIENCE > HUMAN DIMENSIONS > ENVIRONMENTAL IMPACTS > BIOMASS BURNING": {
    "CMS-Flux": 1.35,
    "CARDAMOM": 1.35
  },
  "EARTH SCIENCE > HUMAN DIMENSIONS > ENVIRONMENTAL IMPACTS > FOSSIL FUEL BURNING": {
    "CMS-Flux": 1.35,
    "CARDAMOM": 1.35
  },
  "EARTH SCIENCE > LAND SURFACE > SOILS": {
    "RAPID": 1.35,
    "CARDAMOM": 1.35,
    "CMS-Flux": 1.35
  },
  "EARTH SCIENCE > BIOSPHERE > ECOSYSTEMS > TERRESTRIAL ECOSYSTEMS": {
    "CARDAMOM": 1.35
  },
  "EARTH SCIENCE > ATMOSPHERE > ALTITUDE > MESOPAUSE": {
    "ECCO": 1.11
  },
  "EARTH SCIENCE > ATMOSPHERE > ATMOSPHERIC TEMPERATURE > TEMPERATURE TENDENCY": {
    "ECCO": 1.11
  },
  "EARTH SCIENCE > TERRESTRIAL HYDROSPHERE > GROUND WATER > GROUND WATER FEATURES > WATER TABLE": {
    "RAPID": 1.35,
    "ISSM": 1.27
  },
  "EARTH SCIENCE > BIOSPHERE > VEGETATION > NITROGEN": {
    "CARDAMOM": 1.35,
    "CMS-Flux": 1.35,
    "MOMO-CHEM": 1.28
  },
  "EARTH SCIENCE > ATMOSPHERE > ATMOSPHERIC RADIATION > AIRGLOW": {
    "ECCO": 1.11
  },
  "EARTH SCIENCE > ATMOSPHERE > ATMOSPHERIC ELECTRICITY > TOTAL ELECTRON CONTENT": {
    "ECCO": 1.11
  },
  "EARTH SCIENCE > TERRESTRIAL HYDROSPHERE > SURFACE WATER > SURFACE WATER FEATURES > WATER CHANNELS": {
    "RAPID": 1.35,
    "ISSM": 1.29
  },
  "EARTH SCIENCE > TERRESTRIAL HYDROSPHERE > WATER QUALITY/WATER CHEMISTRY": {
    "RAPID": 1.35,
    "ISSM": 1.25
  },
  "EARTH SCIENCE > ATMOSPHERE > ATMOSPHERIC CHEMISTRY > TRACE ELEMENTS/TRACE METALS": {
    "CMS-Flux": 1.35,
    "MOMO-CHEM": 1.35
  },
  "EARTH SCIENCE > ATMOSPHERE > AEROSOLS > SULFATE PARTICLES": {
    "MOMO-CHEM": 1.35
  },
  "EARTH SCIENCE > CRYOSPHERE > SNOW/ICE > SNOW/ICE CHEMISTRY": {
    "ISSM": 1.35
  },
  "EARTH SCIENCE > HUMAN DIMENSIONS > POPULATION > POPULATION SIZE": {
    "RAPID": 1.35,
    "ISSM": 1.16
  },
  "EARTH SCIENCE > HUMAN DIMENSIONS > SUSTAINABILITY > ENVIRONMENTAL SUSTAINABILITY": {
    "RAPID": 1.35,
    "ISSM": 1.16
  },
  "EARTH SCIENCE > HUMAN DIMENSIONS > POPULATION": {
    "RAPID": 1.35,
    "ISSM": 1.16
  },
  "EARTH SCIENCE > HUMAN DIMENSIONS > SOCIAL BEHAVIOR": {
    "RAPID": 1.35,
    "CMS-Flux": 1.35
  },
  "EARTH SCIENCE > TERRESTRIAL HYDROSPHERE > SURFACE WATER > WATERSHED CHARACTERISTICS": {
    "RAPID": 1.35,
    "ISSM": 1.29
  },
  "EARTH SCIENCE > TERRESTRIAL HYDROSPHERE > SURFACE WATER > SURFACE WATER PROCESSES/MEASUREMENTS > DRAINAGE": {
    "RAPID": 1.35,
    "ISSM": 1.3
  },
  "EARTH SCIENCE > TERRESTRIAL HYDROSPHERE > SURFACE WATER > SURFACE WATER PROCESSES/MEASUREMENTS > FLOODS": {
    "RAPID": 1.35,
    "ISSM": 1.3
  },
  "EARTH SCIENCE > LAND SURFACE > SOILS > SOIL CHEMISTRY": {
    "CMS-Flux": 1.35,
    "CARDAMOM": 1.35
  },
  "EARTH SCIENCE > BIOSPHERE > ECOLOGICAL DYNAMICS > FIRE ECOLOGY > FIRE OCCURRENCE": {
    "CMS-Flux": 1.35,
    "CARDAMOM": 1.35
  },
  "EARTH SCIENCE > BIOSPHERE > ECOLOGICAL DYNAMICS > FIRE ECOLOGY > FIRE DYNAMICS": {
    "CMS-Flux": 1.35,
    "CARDAMOM": 1.35
  },
  "EARTH SCIENCE > BIOSPHERE > ECOSYSTEMS > TERRESTRIAL ECOSYSTEMS > ALPINE/TUNDRA": {
    "CARDAMOM": 1.35,
    "CMS-Flux": 1.35
  },
  "EARTH SCIENCE > ATMOSPHERE > ATMOSPHERIC CHEMISTRY > NITROGEN COMPOUNDS > NITROGEN OXIDES": {
    "CMS-Flux": 1.35,
    "MOMO-CHEM": 1.35
  },
  "EARTH SCIENCE > SUN-EARTH INTERACTIONS > SOLAR ACTIVITY > SOLAR IRRADIANCE": {
    "CMS-Flux": 1.35,
    "MOMO-CHEM": 1.35
  },
  "EARTH SCIENCE > ATMOSPHERE > ATMOSPHERIC CHEMISTRY > CARBON AND HYDROCARBON COMPOUNDS > NON-METHANE HYDROCARBONS/VOLATILE ORGANIC COMPOUNDS": {
    "CMS-Flux": 1.35,
    "MOMO-CHEM": 1.35,
    "CARDAMOM": 1.33
  },
  "EARTH SCIENCE > AGRICULTURE > AGRICULTURAL PLANT SCIENCE > CROP/PLANT YIELDS": {
    "CMS-Flux": 1.35,
    "CARDAMOM": 1.35
  },
  "EARTH SCIENCE > BIOSPHERE > VEGETATION > VEGETATION COVER": {
    "CMS-Flux": 1.35,
    "CARDAMOM": 1.35
  },
  "EARTH SCIENCE > BIOSPHERE > VEGETATION > FOREST COMPOSITION/VEGETATION STRUCTURE": {
    "CMS-Flux": 1.35,
    "CARDAMOM": 1.35
  },
  "EARTH SCIENCE > BIOSPHERE > VEGETATION > VEGETATION SPECIES": {
    "CMS-Flux": 1.35,
    "CARDAMOM": 1.35
  },
  "EARTH SCIENCE > BIOSPHERE > VEGETATION > CANOPY CHARACTERISTICS": {
    "CMS-Flux": 1.35,
    "CARDAMOM": 1.35
  },
  "EARTH SCIENCE > BIOSPHERE > ECOSYSTEMS > ANTHROPOGENIC/HUMAN INFLUENCED ECOSYSTEMS > AGRICULTURAL LANDS": {
    "CMS-Flux": 1.35,
    "CARDAMOM": 1.35
  },
  "EARTH SCIENCE > ATMOSPHERE > ATMOSPHERIC CHEMISTRY > NITROGEN COMPOUNDS": {
    "CMS-Flux": 1.32,
    "MOMO-CHEM": 1.35
  },
  "EARTH SCIENCE > ATMOSPHERE > ATMOSPHERIC CHEMISTRY > SULFUR COMPOUNDS > SULFUR DIOXIDE": {
    "CMS-Flux": 1.21,
    "MOMO-CHEM": 1.35
  },
  "EARTH SCIENCE > ATMOSPHERE > AIR QUALITY > NITROGEN OXIDES": {
    "MOMO-CHEM": 1.35
  },
  "EARTH SCIENCE > ATMOSPHERE > AEROSOLS > PARTICULATE MATTER": {
    "MOMO-CHEM": 1.35
  },
  "EARTH SCIENCE > ATMOSPHERE > AIR QUALITY > PARTICULATES": {
    "MOMO-CHEM": 1.35
  },
  "EARTH SCIENCE > CLIMATE INDICATORS > PALEOCLIMATE INDICATORS > ICE CORE RECORDS": {
    "ISSM": 1.35
  },
  "EARTH SCIENCE > CRYOSPHERE > GLACIERS/ICE SHEETS > FIRN": {
    "ISSM": 1.35
  },
  "EARTH SCIENCE > PALEOCLIMATE > PALEOCLIMATE RECONSTRUCTIONS": {
    "ISSM": 1.35
  },
  "EARTH SCIENCE > PALEOCLIMATE > LAND RECORDS > GLACIATION": {
    "ISSM": 1.35
  },
  "EARTH SCIENCE > SOLID EARTH > GEOCHEMISTRY > GEOCHEMICAL PROPERTIES > ISOTOPES": {
    "ISSM": 1.35
  },
  "EARTH SCIENCE > OCEANS > COASTAL PROCESSES > EROSION": {
    "ISSM": 1.35
  },
  "EARTH SCIENCE > BIOSPHERE > VEGETATION > PLANT CHARACTERISTICS": {
    "CARDAMOM": 1.35
  },
  "EARTH SCIENCE > AGRICULTURE > AGRICULTURAL CHEMICALS > FERTILIZERS": {
    "CARDAMOM": 1.35,
    "CMS-Flux": 1.35
  },
  "EARTH SCIENCE > LAND SURFACE > SOILS > NITROGEN": {
    "CARDAMOM": 1.35
  },
  "EARTH SCIENCE > BIOSPHERE > VEGETATION > PLANT PHENOLOGY": {
    "CARDAMOM": 1.35,
    "CMS-Flux": 1.35
  },
  "EARTH SCIENCE > BIOSPHERE > VEGETATION > NUTRIENTS": {
    "CARDAMOM": 1.35,
    "CMS-Flux": 1.35
  },
  "EARTH SCIENCE > HUMAN DIMENSIONS > NATURAL HAZARDS > LANDSLIDES": {
    "RAPID": 1.35,
    "ISSM": 1.35
  }
}