{
    "ECCO": "The Estimating the Circulation and Climate of the Ocean (ECCO) project produces comprehensive ocean state estimates for understanding global ocean circulation and its role in climate. It specifically assimilates satellite observations (e.g., sea level from Jason-series altimeters) and in situ measurements (e.g., Argo floats) to create high-resolution 3D models of ocean physics including temperature, salinity, currents, and sea surface height.",
    "RAPID": "The Routing Application for Parallel Computation of Discharge (RAPID) is a specialized river routing model designed for flood prediction, water resource management, and analyzing impacts of climate change on river systems. It efficiently computes flow and volume of water through complex river networks using the Muskingum method and can be integrated with land surface models to create comprehensive hydrological simulations.",
    "ISSM": "The Ice-sheet and Sea-level System Model (ISSM) specifically focuses on projecting ice sheet contributions to sea-level rise under different climate scenarios. It uniquely models the evolution of polar ice caps in Greenland and Antarctica using finite element modeling with higher-order ice dynamics. ISSM enables high-resolution simulations of glacial retreat, ice flow dynamics, and interactions between ice sheets and ocean/atmosphere systems.",
    "CMS-Flux": "The Carbon Monitoring System Flux (CMS-Flux) project specifically quantifies regional and global carbon sources and sinks through inverse modeling techniques. This specialized data assimilation system combines satellite observations with terrestrial, ocean, and atmospheric models to track carbon dioxide fluxes and support greenhouse gas monitoring efforts. It produces detailed spatial and temporal analyses of carbon exchange between land, ocean, and atmosphere.",
    "CARDAMOM": "The Carbon Data Model Framework (CARDAMOM) uses a probabilistic framework to constrain terrestrial ecosystem models with multiple observation types, reducing uncertainty in carbon cycle predictions. This Bayesian inference approach optimizes carbon cycle model states and parameters using satellite and in-situ ecosystem observations, providing insights into processes like photosynthesis, respiration, and carbon allocation in vegetation across diverse biomes.",
    "MOMO-CHEM": "The Multi-model Multi-constituent Chemical data assimilation (MOMO-Chem) framework specializes in air quality applications and tracking anthropogenic emissions through multi-species chemical data assimilation. It optimizes concentrations and emissions of multiple atmospheric species like ozone, nitrogen oxides, and volatile organic compounds using satellite measurements from instruments such as TROPOMI combined with ensemble Kalman filter techniques."
}