{
    "ECCO": [
        "ECCO",
        "Estimating the Circulation and Climate of the Ocean",
        "ECCO Central Estimate",
        "ECCO version 4",
        "ECCO-Darwin",
        "ECCO LLC",
        "ECCO2",
        "ECCO Phase II",
        "Estimating the Circulation and Climate of the Ocean, Phase II",
        "ECCO II",
        "ECCOV2",
        "ECCO-V2",
        "ECCO-KFS",
        "ECCO KFS",
        "ECCO2-Darwin",
        "Estimating the Circulation and Climate of the Ocean Kalman Filter Smoother",
        "Estimating the Circulation and Climate of the Ocean KFS",
        "Estimating the Circulation and Climate of the Ocean-KFS",
        "LLC_hires",
        "LLC270",
        "ECCO-V3",
        "ECCO III",
        "ECCO V3",
        "ECCO 3",
        "MITgcm",
        "MIT-gcm",
        "MIT gcm",
        "MIT general circulation model",
        "Latitude-Longitude-polar Cap",
        "ECCO-GODAE",
        "Estimating the Circulation and Climate of the Ocean|Global Ocean Data Assimilation Experiment",
        "Estimating the Circulation and Climate of the Ocean-Global Ocean Data Assimilation Experiment",
        "ECCO Group",
        "ECCO-Group",
        "ecco-group",
        "Estimating the Circulation and Climate of the Ocean Group",
        "ECCO Consortium",
        "Estimating the Circulation and Climate of the Ocean Consortium"
    ],
    "RAPID": [
        "RAPID model",
        "(RAPID) model",
        "RAPID Model",
        "Routing Application for Parallel Computation of Discharge",
        "routing application for parallel computation of discharge",
        "RAPID river routing",
        "RAPID routing model",
        "RAPID (Routing Application for Parallel Computation of Discharge)"
    ],
    "ISSM": [
        "ISSM",
        "Ice-sheet Sea-level System Model",
        "Ice sheet system model"
    ],
    "CMS-Flux": [
        "CMS-Flux",
        "CMS-Flux-NBE",
        "CMS-Flux NBE",
        "CMS-Flux Net Biosphere Exchange",
        "Carbon Monitoring System Flux Net Biosphere Exchange",
        "Carbon Monitoring System Flux NBE",
        "Carbon Monitoring System Flux",
        "NASA Carbon Monitoring System",
        "Carbon Monitoring System",
        "NBE",
        "Net Biosphere Exchange",
        "net biosphere exchange"
    ],
    "CARDAMOM": [
        "CARDAMOM",
        "carbon data model framework",
        "Carbon Data Model Framework",
        "C data model framework",
        "C data model framework assimilation system",
        "CARbon DAta MOdel fraMework",
        "CARbon DAta-MOdel fraMework",
        "CARDAMOM-FluxVal"
    ],
    "MOMO-CHEM": [
        "MOMO-CHEM",
        "MOMO-Chem",
        "momo-chem",
        "MOMOCHEM",
        "momochem",
        "MOMO-Chem DA",
        "MOMO-CHEM DA",
        "MOMOChem DA", 
        "MOMOCHEM DA",
        "Multi-model multi-constituent chemical data assimilation"
    ]
}